<ImplementationGuide xmlns="http://hl7.org/fhir"><url value="https://simplifier.net/guide/eksemplerpersontjenesten" /><version value="0.1" /><name value="Praktisk guide med eksempler - Persontjenesten" /><status value="draft" /><description value="API for Persontjenesten&#xD;&#xA;&#xD;&#xA;_Arbeidsområdet for utforming av ekspempler på API-kall mot Persontjenesten_&#xD;&#xA;&#xD;&#xA;Bruker endpont i **Persontjenesten** for å hente personopplysninger fra Folkeregisteret&#xD;&#xA;&#xD;&#xA;API-base for denne er ET-Persontjenesten: `https://api.et.grunndata.helsepunkt.no/persontjenesten`&#xD;&#xA;&#xD;&#xA;* Søk på personer og relasjoner&#xD;&#xA;* Finne detlajer på personer &#xD;&#xA;    * oppdatert i et bestemt periode&#xD;&#xA;    * vise antall treff&#xD;&#xA;    * søke på personer og deres egne relasjoner&#xD;&#xA;    * søke på konkrete personer ved å oppgi konkrete verdier" /><fhirVersion value="4.0.0" /><definition><page><nameUrl value="Oversiktovereksempler.md" /><title value="Oversikt over eksempler" /><generation value="markdown" /><page><nameUrl value="Introduksjontilndvendigkunnskap.md" /><title value="Introduksjon til nødvendig kunnskap" /><generation value="markdown" /><page><nameUrl value="HenteoversiktoverkapabiliteteriPersontjenesten.md" /><title value="Hente oversikt over kapabiliteter i Persontjenesten" /><generation value="markdown" /></page><page><nameUrl value="VelgeformateringavresponseniXMLellerJSON.md" /><title value="Velge formatering av responsen i XML eller JSON" /><generation value="markdown" /></page><page><nameUrl value="Etkallsomfeilerpgamanglendeheader.md" /><title value="Et kall som feiler pga manglende header" /><generation value="markdown" /></page><page><nameUrl value="Etkallsomfeilerpgamanglendeautentisering.md" /><title value="Et kall som feiler pga manglende autentisering" /><generation value="markdown" /></page><page><nameUrl value="Manglendedataminimeringselementfrertilfeil.md" /><title value="Manglende dataminimeringselement fører til feil" /><generation value="markdown" /></page></page><page><nameUrl value="Enklesprringer.md" /><title value="Enkle spørringer" /><generation value="markdown" /><page><nameUrl value="EtenkeltoppslagforPerson.md" /><title value="Et enkelt oppslag for Person" /><generation value="markdown" /></page><page><nameUrl value="EtenkeltoppslagforRelatedPerson.md" /><title value="Et enkelt oppslag for RelatedPerson" /><generation value="markdown" /></page><page><nameUrl value="Sketterressursmedpersonidentifikatorsomfeiler.md" /><title value="Søk etter ressurs med personidentifikator som *feiler*" /><generation value="markdown" /></page><page><nameUrl value="Sketterpersonvedbrukavpersonidentifikator.md" /><title value="Søk etter person ved bruk av personidentifikator" /><generation value="markdown" /></page><page><nameUrl value="Sketterflerepersonersamtidigvedbrukavidentifikator.md" /><title value="Søk etter flere personer samtidig ved bruk av identifikator" /><generation value="markdown" /></page><page><nameUrl value="Sketterpersonermedetkonkretfornavn.md" /><title value="Søk etter person(er) med et konkret fornavn" /><generation value="markdown" /></page><page><nameUrl value="Sketterpersonermedetbestemtmellomnavn.md" /><title value="Søk etter person(er) med et bestemt mellomnavn" /><generation value="markdown" /></page></page><page><nameUrl value="Avansertesprringer.md" /><title value="Avanserte spørringer" /><generation value="markdown" /><page><nameUrl value="Sketterpersonermedetkonkretfornavnogviseantalltreff.md" /><title value="Søk etter person(er) med et konkret fornavn og vise antall treff" /><generation value="markdown" /></page><page><nameUrl value="Sketteroppdatertepersonermellomtotidspunkter.md" /><title value="Søk etter oppdaterte personer mellom to tidspunkter" /><generation value="markdown" /></page><page><nameUrl value="Sketterenpersonmedidentifikatorogtilhrenderelasjoner.md" /><title value="Søk etter en person med identifikator og tilhørende relasjoner" /><generation value="markdown" /></page><page><nameUrl value="Sketterrelasjonerforenpersonogtilhrenderelasjoner.md" /><title value="Søk etter relasjoner for en person og tilhørende relasjoner" /><generation value="markdown" /></page></page></page></definition></ImplementationGuide>