<Person xmlns="http://hl7.org/fhir">
  <meta>
    <profile value="http://ehelse.no/fhir/StructureDefinition/gd-Person" />
  </meta>
  <extension url="http://ehelse.no/fhir/StructureDefinition/gd-person-status">
    <extension url="fregPersonStatus">
      <valueCode value="bosatt" />
    </extension>
    <extension url="http://ehelse.no/fhir/StructureDefinition/gd-fregmetadata">
      <extension url="registeredTimestamp">
        <valueDateTime value="2019-12-03T08:10:01+01:00" />
      </extension>
      <extension url="currentInfo">
        <valueBoolean value="true" />
      </extension>
      <extension url="source">
        <valueString value="KILDE_DSF" />
      </extension>
      <extension url="reason">
        <valueString value="fødsel" />
      </extension>
      <extension url="validFrom">
        <valueDateTime value="2019-12-03T08:10:01+01:00" />
      </extension>
    </extension>
  </extension>
  <identifier>
    <!-- Fødselnummeret til brukeren -->
    <extension url="http://ehelse.no/fhir/StructureDefinition/gd-person-identifier-status">
      <valueCode value="iBruk" />
    </extension>
    <system value="urn:oid:2.16.578.1.12.4.1.4.1" />
    <value value="02121998516" />
  </identifier>
  <name>
    <!-- Navnet til brukeren -->
    <extension url="http://ehelse.no/fhir/StructureDefinition/gd-fregmetadata">
      <extension url="registeredTimestamp">
        <valueDateTime value="2019-12-03T08:10:01+01:00" />
      </extension>
      <extension url="currentInfo">
        <valueBoolean value="true" />
      </extension>
      <extension url="reason">
        <valueString value="Fødsel" />
      </extension>
      <extension url="validFrom">
        <valueDateTime value="2019-12-02T00:00:00+01:00" />
      </extension>
    </extension>
    <family value="HAM" />
    <given value="PRODUKTIV*GUTT" />
  </name>
  <!-- Administrative Gender - the gender that the patient is considered to have for administration and record keeping purposes. -->
  <gender value="male">
    <extension url="http://ehelse.no/fhir/StructureDefinition/gd-fregmetadata">
      <extension url="registeredTimestamp">
        <valueDateTime value="2019-12-03T08:10:01+01:00" />
      </extension>
      <extension url="currentInfo">
        <valueBoolean value="true" />
      </extension>
      <extension url="reason">
        <valueString value="Fødsel" />
      </extension>
      <extension url="validFrom">
        <valueDateTime value="2019-12-02T00:00:00+01:00" />
      </extension>
    </extension>
  </gender>
  <address>
    <!-- Norwegian address: http://hl7.no/fhir/StructureDefinition/no-basis-Address -->
    <!-- Norwegian basisprofil for Address resource adding Norwegian specific property information, official use of address and further explanation of the use for the data-elements in a Norwegian address. -->
    <extension url="http://hl7.no/fhir/StructureDefinition/no-basis-address-official">
      <!-- Defines the concept of an officially registered address in Norway. Usually this will be the adress registered in "Folkeregisteret" for persons or "Enhetsregisteret" for organizations. -->
      <valueBoolean value="true" />
    </extension>
    <extension url="http://ehelse.no/fhir/StructureDefinition/gd-address-metadata">
      <extension url="confidentiality">
        <valueCode value="ugradert" />
      </extension>
      <extension url="fregAddressContentType">
        <valueCode value="AdressenErUkjent" />
      </extension>
      <extension url="fregAddressType">
        <valueCode value="Oppholdsadresse" />
      </extension>
      <extension url="addressIsUnknown">
        <valueBoolean value="true" />
      </extension>
    </extension>
  </address>
</Person>