<?xml version="1.0" encoding="UTF-8"?>
<CapabilityStatement xmlns="http://hl7.org/fhir" >
	<url value="http://ehelse.no/fhir/CapabilityStatement/gd-Person-Server-Requirements/v220"/>
	<version value="2.3.5"/>
	<name value="PersonServerRequirements"/>
	<title value="Requirements for Grunndata Person Service Interface (server)"/>
	<status value="draft"/>
	<date value="2020-03-25"/>
	<description value="Requirements for the Grunndata Person service provided by Direktoratet for e-helse. Requirements for the test deliverable (L0)."/>
	<kind value="requirements"/>
	<fhirVersion value="4.0.0"/>
	<format value="json"/>
	<format value="xml"/>
	<rest>
		<mode value="server"/>
		<documentation value="
		# Capabilitiy Statement PersonServerRequirements

The server must support a subset of the FHIR restful interactions described by HL7. Some special notes concerning the Capabilities offered by the server can be found in the ImplementationGuide for the service.

## Limiting the search result

### The server expects _elements

The server expects all read and search interactions to use the *_elements* operation specifying what elements should be included in the search result. In the case where the _elements operation is missing a resouce containing only the identifier element is returned.

### Example _elements operation

To limit the returned resource instances the FHIR server supports the use of the _elements operation.

The operation MUST be added to any search to limit the information returned in the search result like this:

``` html

GET http:%2F%2Fhapi.fhir.org%2FbaseR4%2FPerson%3Fname%3DEspen%26_elements%3Dname%2Caddress
```
" />		
	<resource>
		<extension url="http://hl7.org/fhir/StructureDefinition/capabilitystatement-search-parameter-combination">
				<extension url="required">
					<valueString value="name"/>
				</extension>
				<extension url="required">
					<valueString value="birthdate"/>
				</extension>
			</extension>
			<type value="Person"/>
			<profile value="http://ehelse.no/fhir/StructureDefinition/gd-Person"/>
			<interaction>
				<code value="search-type"/>
				<documentation value="Search for a specific Resource type on some specified filter criteria"/>
			</interaction>
			<interaction>
				<code value="read"/>
				<documentation value="Normal read operation."/>
			</interaction>
			<interaction>
				<code value="vread"/>
				<documentation value="Normal read operation on specific versions."/>
			</interaction>
			<searchParam>
				<extension url="http://hl7.org/fhir/StructureDefinition/capabilitystatement-expectation">
					<valueCode value="SHALL"/>
				</extension>
				<name value="_id"/>
				<type value="token"/>
				<documentation value="
					Search on Person by logical id of the Resource: 
					```
					GET [base]/Person?_id=[id]
					GET [base]/Person/[id]
					```"/>
			</searchParam>
			<searchParam>
				<extension url="http://hl7.org/fhir/StructureDefinition/capabilitystatement-expectation">
					<valueCode value="SHALL"/>
				</extension>
				<name value="identifier"/>
				<type value="token"/>
				<documentation value="Search on Person.identifier: POST [base]/Person/_search  parameters in HTTP body: identifier=[system]|[code] Example: POST [base]/Person/_search parameters in HTTP body: identifier=urn:oid:2.16.578.1.12.4.1.4.1|04021950128"/>
			</searchParam>
			<searchParam>
				<extension url="http://hl7.org/fhir/StructureDefinition/capabilitystatement-expectation">
					<valueCode value="SHALL"/>
				</extension>
				<name value="name"/>
				<type value="string"/>
				<documentation value="Search on Person.name: GET [base]/Person?name=[string]"/>
			</searchParam>
			<searchParam>
				<extension url="http://hl7.org/fhir/StructureDefinition/capabilitystatement-expectation">
					<valueCode value="SHALL"/>
				</extension>
				<name value="birthdate"/>
				<type value="date"/>
				<documentation value="Search on Person.birthdate: GET [base]/Person?birthdate=[date]"/>
			</searchParam>
			<searchParam>
				<extension url="http://hl7.org/fhir/StructureDefinition/capabilitystatement-expectation">
					<valueCode value="SHALL"/>
				</extension>
				<name value="middlename"/>
				<definition value="http://hl7.no/fhir/SearchParameter/no-basis-middlename"/>
				<type value="string"/>
				<documentation value="SearchParameter for the Norwegian middlename extension http://hl7.no/fhir/StructureDefinition/no-basis-middlename"/>
			</searchParam>
			<searchParam>
				<extension url="http://hl7.org/fhir/StructureDefinition/capabilitystatement-expectation">
					<valueCode value="SHALL"/>
				</extension>
				<name value="given"/>
				<definition value="http://ehelse.no/fhir/SearchParameter/gd-Person-given"/>
				<type value="string"/>
				<documentation value="Search on Person.given name: GET [base]/Person?given=[string]"/>
			</searchParam>
			<searchParam>
				<extension url="http://hl7.org/fhir/StructureDefinition/capabilitystatement-expectation">
					<valueCode value="SHALL"/>
				</extension>
				<name value="family"/>
				<definition value="http://ehelse.no/fhir/SearchParameter/gd-Person-family"/>
				<type value="string"/>
				<documentation value="Search on Person.family name: GET [base]/Person?family=[string]"/>
			</searchParam>
		</resource>
		<resource>
			<type value="RelatedPerson"/>
			<profile value="http://ehelse.no/fhir/StructureDefinition/gd-RelatedPerson"/>
			<interaction>
				<code value="search-type"/>
				<documentation value="Search for a specific Resource type on some specified filter criteria"/>
			</interaction>
			<interaction>
				<code value="read"/>
				<documentation value="Normal read operation."/>
			</interaction>
			<interaction>
				<code value="vread"/>
				<documentation value="Normal read operation on specific versions."/>
			</interaction>
			<searchParam>
				<extension url="http://hl7.org/fhir/StructureDefinition/capabilitystatement-expectation">
					<valueCode value="SHALL"/>
				</extension>
				<name value="_id"/>
				<type value="token"/>
				<documentation value="Search on RelatedPerson by logical id of the Resource: GET [base]/RelatedPerson?_id=[id] or GET [base]/RelatedPerson/[id]"/>
			</searchParam>
			<searchParam>
				<extension url="http://hl7.org/fhir/StructureDefinition/capabilitystatement-expectation">
					<valueCode value="SHALL"/>
				</extension>
				<name value="identifier"/>
				<type value="token"/>
				<documentation value="Search on RelatedPerson.identifier: POST [base]/RelatedPerson/_search parameters in HTTP body: identifier=[system]|[code] Example: POST [base]/RelatedPerson/_search parameters in HTTP body: identifier=urn:oid:2.16.578.1.12.4.1.4.1|13116900216"/>
			</searchParam>
			<searchParam>
				<extension url="http://hl7.org/fhir/StructureDefinition/capabilitystatement-expectation">
					<valueCode value="SHALL"/>
				</extension>
				<name value="patient"/>
				<type value="reference"/>
				<documentation value="Search on RelatedPerson.patient reference: GET [base]/RelatedPerson?patient=Person/[id]"/>
			</searchParam>
			<searchParam>
				<name value="relationship"/>
				<type value="token"/>
				<documentation value="Search on relationshiptype RelatedPerson.relationship: GET [base]/RelatedPerson?relationship=[system]|[code]"/>
			</searchParam>
		</resource>
		<searchParam>
			<extension url="http://hl7.org/fhir/StructureDefinition/capabilitystatement-expectation">
				<valueCode value="SHALL"/>
			</extension>
			<name value="_total"/>
			<type value="token"/>
			<documentation value="This server have a default value of *none* set for the _total parameter. The default value reduce the server load for large search-sets. The default behaviour can be changed by setting the _total parameter in the search request, please consider not changing the _total parameter to *accurate* unless your client really needs this information."/>
		</searchParam>
		<searchParam>
			<extension url="http://hl7.org/fhir/StructureDefinition/capabilitystatement-expectation">
				<valueCode value="SHALL"/>
			</extension>
			<name value="_elements"/>
			<type value="string"/>
			<documentation value="The server expects _elements parameter to be set. The server expects all read and search interactions to use the *_elements* operation specifying what elements should be included in the search result. In the case where the _elements operation is missing a resouce containing only the identifier element is returned."/>
		</searchParam>
	</rest>
</CapabilityStatement>
