<ImplementationGuide xmlns="http://hl7.org/fhir"><url value="https://simplifier.net/guide/masterpersonindexr4" /><version value="2.3.5" /><name value="Master Person Index R4" /><status value="draft" /><description value="Information from the Norwegian master person index (folkeregisteret)" /><fhirVersion value="4.0.0" /><definition><page><nameUrl value="Home.md" /><title value="Services for Person information" /><generation value="markdown" /><page><nameUrl value="Usecases.md" /><title value="Use cases" /><generation value="markdown" /></page><page><nameUrl value="Serviceinterface.md" /><title value="Service interface" /><generation value="markdown" /><page><nameUrl value="ReadandSearch.md" /><title value="Read and Search" /><generation value="markdown" /><page><nameUrl value="ReadandSearchroadmap.md" /><title value="Read and Search roadmap" /><generation value="markdown" /></page></page><page><nameUrl value="PersonRESTinteractions.md" /><title value="Person REST interactions" /><generation value="markdown" /><page><nameUrl value="Customsearchparameters.md" /><title value="Custom search parameters" /><generation value="markdown" /><page><nameUrl value="middlename.md" /><title value="middlename" /><generation value="markdown" /></page><page><nameUrl value="given.md" /><title value="given" /><generation value="markdown" /></page><page><nameUrl value="family.md" /><title value="family" /><generation value="markdown" /></page><page><nameUrl value="addresscontenttype.md" /><title value="addresscontenttype" /><generation value="markdown" /></page><page><nameUrl value="gdaddresstype.md" /><title value="gdaddresstype" /><generation value="markdown" /></page></page></page><page><nameUrl value="RelatedPersonRESTinteractions.md" /><title value="RelatedPerson REST interactions" /><generation value="markdown" /></page><page><nameUrl value="ProvenanceRESTInteractions.md" /><title value="Provenance REST Interactions" /><generation value="markdown" /></page><page><nameUrl value="Authenticationandauthorization.md" /><title value="Authentication and authorization" /><generation value="markdown" /></page></page><page><nameUrl value="Personinformation.md" /><title value="Person information intro" /><generation value="markdown" /><page><nameUrl value="Personinformation-duplicate-2.md" /><title value="Person information" /><generation value="markdown" /><page><nameUrl value="gd-Personprofile.md" /><title value="gd-Person profile" /><generation value="markdown" /></page><page><nameUrl value="gd-PersonCodeSystems.md" /><title value="gd-Person CodeSystems" /><generation value="markdown" /></page></page><page><nameUrl value="RelatedPersoninformation.md" /><title value="RelatedPerson information" /><generation value="markdown" /><page><nameUrl value="gd-RelatedPersonprofile.md" /><title value="gd-RelatedPerson profile" /><generation value="markdown" /></page><page><nameUrl value="gd-RelatedPersonCodeSystems.md" /><title value="gd-RelatedPerson CodeSystems" /><generation value="markdown" /></page></page><page><nameUrl value="Addressinformation.md" /><title value="Address information" /><generation value="markdown" /><page><nameUrl value="Addressdatatypeprofiles.md" /><title value="Address datatype profiles" /><generation value="markdown" /><page><nameUrl value="gd-Address.md" /><title value="gd-Address" /><generation value="markdown" /></page><page><nameUrl value="gd-Address-cadastral.md" /><title value="gd-Address-cadastral" /><generation value="markdown" /></page><page><nameUrl value="gd-Address-street.md" /><title value="gd-Address-street" /><generation value="markdown" /></page><page><nameUrl value="gd-Address-international.md" /><title value="gd-Address-international" /><generation value="markdown" /></page><page><nameUrl value="gd-Address-box.md" /><title value="gd-Address-box" /><generation value="markdown" /></page><page><nameUrl value="gd-Address-freeform.md" /><title value="gd-Address-freeform" /><generation value="markdown" /></page><page><nameUrl value="gd-Address-unknown.md" /><title value="gd-Address-unknown" /><generation value="markdown" /></page></page></page><page><nameUrl value="HumanNameinformation.md" /><title value="HumanName information" /><generation value="markdown" /><page><nameUrl value="gd-HumanNamedatatypeprofile.md" /><title value="gd-HumanName datatype profile" /><generation value="markdown" /></page></page><page><nameUrl value="Identifierinformation.md" /><title value="Identifier information" /><generation value="markdown" /><page><nameUrl value="gd-Identifier-fregprofile.md" /><title value="gd-Identifier-freg profile" /><generation value="markdown" /></page><page><nameUrl value="gd-Identifier-foreignprofile.md" /><title value="gd-Identifier-foreign profile" /><generation value="markdown" /></page></page><page><nameUrl value="Provenanceinformation.md" /><title value="Provenance information" /><generation value="markdown" /><page><nameUrl value="gd-Provenanceprofile.md" /><title value="gd-Provenance profile" /><generation value="markdown" /></page></page></page><page><nameUrl value="Extensions.md" /><title value="Extensions" /><generation value="markdown" /><page><nameUrl value="Newitem-duplicate-2.md" /><title value="AdditionalHumanname" /><generation value="markdown" /></page><page><nameUrl value="AddressMetadata.md" /><title value="AddressMetadata" /><generation value="markdown" /></page><page><nameUrl value="Fdsel.md" /><title value="Birth" /><generation value="markdown" /></page><page><nameUrl value="BirthInNorway.md" /><title value="BirthInNorway" /><generation value="markdown" /></page><page><nameUrl value="BoxAddress.md" /><title value="BoxAddress" /><generation value="markdown" /></page><page><nameUrl value="Building.md" /><title value="Building" /><generation value="markdown" /></page><page><nameUrl value="CadastralAddress.md" /><title value="CadastralAddress" /><generation value="markdown" /></page><page><nameUrl value="CountryCode3166.md" /><title value="CountryCode3166" /><generation value="markdown" /></page><page><nameUrl value="Deceased.md" /><title value="Deceased" /><generation value="markdown" /></page><page><nameUrl value="FamilyRelation.md" /><title value="FamilyRelation" /><generation value="markdown" /></page><page><nameUrl value="registermetadata.md" /><title value="Fregmetadata" /><generation value="markdown" /></page><page><nameUrl value="Guardianship.md" /><title value="Guardianship" /><generation value="markdown" /></page><page><nameUrl value="Migration.md" /><title value="Migration" /><generation value="markdown" /></page><page><nameUrl value="MaritalStatus.md" /><title value="MaritalStatus" /><generation value="markdown" /></page><page><nameUrl value="Parental.md" /><title value="Parental" /><generation value="markdown" /></page><page><nameUrl value="PersonCitizenship.md" /><title value="PersonCitizenship" /><generation value="markdown" /></page><page><nameUrl value="PersonIdentifierStatus.md" /><title value="PersonIdentifierStatus" /><generation value="markdown" /></page><page><nameUrl value="PersonStatus.md" /><title value="PersonStatus" /><generation value="markdown" /></page><page><nameUrl value="PreferredAddress.md" /><title value="PreferredAddress" /><generation value="markdown" /></page><page><nameUrl value="ResidencePermit.md" /><title value="ResidencePermit" /><generation value="markdown" /></page><page><nameUrl value="SeparatelyOccupiedUnit.md" /><title value="SeparatelyOccupiedUnit" /><generation value="markdown" /></page><page><nameUrl value="StreetAddress.md" /><title value="StreetAddress" /><generation value="markdown" /></page><page><nameUrl value="targetElement.md" /><title value="targetElement" /><generation value="markdown" /></page></page><page><nameUrl value="ReadersGuide.md" /><title value="Readers Guide" /><generation value="markdown" /><page><nameUrl value="ReadersGuideandRESTfulFHIR.md" /><title value="Readers Guide and RESTful FHIR" /><generation value="markdown" /></page><page><nameUrl value="Simplifierbasics.md" /><title value="Simplifier basics" /><generation value="markdown" /></page><page><nameUrl value="Changelog.md" /><title value="Changelog" /><generation value="markdown" /></page><page><nameUrl value="Examples.md" /><title value="Examples" /><generation value="markdown" /><page><nameUrl value="Introduksjontilndvendigkunnskap-duplicate-2.md" /><title value="Introduksjon til nødvendig kunnskap" /><generation value="markdown" /><page><nameUrl value="HenteoversiktoverkapabiliteteriPersontjenesten-duplicate-2.md" /><title value="Hente oversikt over kapabiliteter i Persontjenesten" /><generation value="markdown" /></page><page><nameUrl value="VelgeformateringavresponseniXMLellerJSON-duplicate-2.md" /><title value="Velge formatering av responsen i XML eller JSON" /><generation value="markdown" /></page><page><nameUrl value="Etkallsomfeilerpgamanglendeheader-duplicate-2.md" /><title value="Et kall som feiler pga manglende header" /><generation value="markdown" /></page><page><nameUrl value="Etkallsomfeilerpgamanglendeautentisering-duplicate-2.md" /><title value="Et kall som feiler pga manglende autentisering" /><generation value="markdown" /></page><page><nameUrl value="Manglendedataminimeringselementfrertilfeil-duplicate-2.md" /><title value="Manglende dataminimeringselement fører til feil" /><generation value="markdown" /></page></page><page><nameUrl value="Enklesprringer-duplicate-2.md" /><title value="Enkle spørringer" /><generation value="markdown" /><page><nameUrl value="EtenkeltoppslagforPerson-duplicate-2.md" /><title value="Et enkelt oppslag for Person" /><generation value="markdown" /></page><page><nameUrl value="EtenkeltoppslagforRelatedPerson-duplicate-2.md" /><title value="Et enkelt oppslag for RelatedPerson" /><generation value="markdown" /></page><page><nameUrl value="Sketterressursmedpersonidentifikatorsomfeiler-duplicate-2.md" /><title value="Søk etter ressurs med personidentifikator som *feiler*" /><generation value="markdown" /></page><page><nameUrl value="Sketterpersonvedbrukavpersonidentifikator-duplicate-2.md" /><title value="Søk etter person ved bruk av personidentifikator" /><generation value="markdown" /></page><page><nameUrl value="Sketterflerepersonersamtidigvedbrukavidentifikator-duplicate-2.md" /><title value="Søk etter flere personer samtidig ved bruk av identifikator" /><generation value="markdown" /></page><page><nameUrl value="Sketterpersonermedetkonkretfornavn-duplicate-2.md" /><title value="Søk etter person(er) med et konkret fornavn" /><generation value="markdown" /></page><page><nameUrl value="Sketterpersonermedetbestemtmellomnavn-duplicate-2.md" /><title value="Søk etter person(er) med et bestemt mellomnavn" /><generation value="markdown" /></page></page><page><nameUrl value="Avansertesprringer-duplicate-2.md" /><title value="Avanserte spørringer" /><generation value="markdown" /><page><nameUrl value="Sketterpersonermedetkonkretfornavnogviseantalltreff-duplicate-2.md" /><title value="Søk etter person(er) med et konkret fornavn og vise antall treff" /><generation value="markdown" /></page><page><nameUrl value="Sketteroppdatertepersonermellomtotidspunkter-duplicate-2.md" /><title value="Søk etter oppdaterte personer mellom to tidspunkter" /><generation value="markdown" /></page><page><nameUrl value="Sketterenpersonmedidentifikatorogtilhrenderelasjoner-duplicate-2.md" /><title value="Søk etter en person med identifikator og tilhørende relasjoner" /><generation value="markdown" /></page><page><nameUrl value="Sketterrelasjonerforenpersonogtilhrenderelasjoner-duplicate-2.md" /><title value="Søk etter relasjoner for en person og tilhørende relasjoner" /><generation value="markdown" /></page></page></page></page></page></definition></ImplementationGuide>