<?xml version="1.0" encoding="utf-8"?>
<SearchParameter xmlns="http://hl7.org/fhir">
  <id value="gd-Address-contenttype" />
  <url value="http://ehelse.no/fhir/SearchParameter/gd-Address-contenttype" />
  <version value="2.3.1"/>
  <name value="GdAddressContentTypeSearchParameter" />
  <status value="active" />
  <description value="SearchParameter for the content type of gd-Addresses" />
  <code value="addresscontenttype" />
  <base value="Patient" />
  <base value="Person" />
  <base value="RelatedPerson" />
  <base value="Practitioner" />
  <type value="token" />
  <expression value="Patient.address.extension.where(url='http://ehelse.no/fhir/StructureDefinition/gd-address-metadata').extension.where(url='fregAddressContentType').value | Person.address.extension.where(url='http://ehelse.no/fhir/StructureDefinition/gd-address-metadata').extension.where(url='fregAddressContentType').value | RelatedPerson.address.extension.where(url='http://ehelse.no/fhir/StructureDefinition/gd-address-metadata').extension.where(url='fregAddressContentType').value | Practitioner.address.extension.where(url='http://ehelse.no/fhir/StructureDefinition/gd-address-metadata').extension.where(url='fregAddressContentType').value"/>
  <xpath value="f:Patient/f:address/f:extension[@url='http://ehelse.no/fhir/StructureDefinition/gd-address-metadata']/f:extension[@url='fregAddressContentType'] | f:Person/f:address/f:extension[@url='http://ehelse.no/fhir/StructureDefinition/gd-address-metadata']/f:extension[@url='fregAddressContentType'] | f:Practitioner/f:address/f:extension[@url='http://ehelse.no/fhir/StructureDefinition/gd-address-metadata']/f:extension[@url='fregAddressContentType'] | f:RelatedPerson/f:address/f:extension[@url='http://ehelse.no/fhir/StructureDefinition/gd-address-metadata']/f:extension[@url='fregAddressContentType']" />
  <xpathUsage value="normal" />
  <multipleOr value="true" />
  <multipleAnd value="true" />
  <modifier value="missing" />
  <modifier value="exact" />
  <modifier value="contains" />
</SearchParameter>