<?xml version="1.0" encoding="UTF-8"?>
<Provenance xmlns="http://hl7.org/fhir">
	<meta>
		<profile value="http://ehelse.no/fhir/StructureDefinition/gd-Provenance"/>
	</meta>
	<target>
		<reference value="Person/53098/_history/1"/>
	</target>
	<recorded value="2019-11-01T08:04:16.013+00:00"/>
	<reason>
		<coding>
			<system value="http://ehelse.no/fhir/CodeSystem/gd-provenance-freg-eventtype"/>
			<code value="personErOpprettet"/>
		</coding>
	</reason>
	<activity>
		<coding>
			<system value="http://terminology.hl7.org/CodeSystem/v3-DataOperation"/>
			<code value="CREATE"/>
		</coding>
	</activity>
	<agent>
		<who>
			<display value="e-Helse"/>
		</who>
	</agent>
</Provenance>