<?xml version="1.0" encoding="UTF-8"?>
<Provenance xmlns="http://hl7.org/fhir">
	<meta>
		<profile value="http://ehelse.no/fhir/StructureDefinition/gd-Provenance"/>
	</meta>
	<target>
		<reference value="Person/53098/_history/2"/>
	</target>
	<recorded value="2019-11-01T13:28:00.658+00:00"/>
	<reason>
		<coding>
			<system value="http://ehelse.no/fhir/CodeSystem/gd-provenance-freg-eventtype"/>
			<code value="endringIBostedsadresse"/>
		</coding>
	</reason>
	<activity>
		<coding>
			<system value="http://terminology.hl7.org/CodeSystem/v3-DataOperation"/>
			<code value="UPDATE"/>
		</coding>
	</activity>
	<agent>
		<who>
			<display value="e-Helse"/>
		</who>
	</agent>
	<entity>
		<role value="revision"/>
		<what>
			<reference value="Person/53098/_history/1"/>
		</what>
	</entity>
</Provenance>