<Person xmlns="http://hl7.org/fhir" >
	<meta>
		<versionId value="3"/>
		<profile value="http://ehelse.no/fhir/StructureDefinition/gd-Person"/>
	</meta>
	<text>
		<status value="additional"/>
		<div xmlns="http://www.w3.org/1999/xhtml">
		  <p>Example Person demonstrating PreferertKontaktadresse</p>
		</div>
	</text>
	<extension url="http://ehelse.no/fhir/StructureDefinition/gd-person-status">
		<extension url="fregPersonStatus">
			<valueCode value="bosatt"/>
		</extension>
		<extension url="http://ehelse.no/fhir/StructureDefinition/gd-fregmetadata">
			<extension url="registeredTimestamp">
				<valueDateTime value="2019-09-05T11:17:43.399+02:00"/>
			</extension>
			<extension url="currentInfo">
				<valueBoolean value="true"/>
			</extension>	
			<extension url="source">
				<valueString value="KILDE_DSF"/>
			</extension>
			<extension url="validFrom">
				<valueDateTime value="2019-09-05T11:17:43.399+02:00"/>
			</extension>
		</extension>
	</extension>
	<identifier> <!-- Fødselnummeret til brukeren -->
		<extension url="http://ehelse.no/fhir/StructureDefinition/gd-person-identifier-status">
			<valueCode value="iBruk"/>
		</extension>
	<!-- Norwegian "fødselsnummer" as the primary patient identification. -->
		<system value="urn:oid:2.16.578.1.12.4.1.4.1"/>
		<value value="04021950128"/>
	</identifier>
	<name> <!-- Name of the Person with norwegian middlename -->
		<extension url="http://ehelse.no/fhir/StructureDefinition/gd-fregmetadata">
			<extension url="registeredTimestamp">
				<valueDateTime value="2019-05-03T09:50:05+02:00"/>
			</extension>
			<extension url="currentInfo">
				<valueBoolean value="true"/>
			</extension>	
			<extension url="reason">	
				<valueString value="Første gangs navnevalg"/>
			</extension>
			<extension url="validFrom">
				<valueDateTime value="2019-07-03T00:00:00+02:00"/>
			</extension>
		</extension>
		<extension url="http://hl7.no/fhir/StructureDefinition/no-basis-middlename">
				<valueString value="Tirsdag"/>
		</extension>
		<family value="NESTLEDER"/>
		<given value="NERVØS"/>
	</name>
	<!-- Administrative Gender - the gender that the patient is considered to have for administration and record keeping purposes. -->
	<gender value="male">
		<extension url="http://ehelse.no/fhir/StructureDefinition/gd-fregmetadata">
			<extension url="registeredTimestamp">
				<valueDateTime value="2019-02-18T11:15:43+01:00"/>
			</extension>
			<extension url="currentInfo">
				<valueBoolean value="true"/>
			</extension>	
			<extension url="reason">	
				<valueString value="Fødsel"/>
			</extension>
			<extension url="validFrom">
				<valueDateTime value="2019-02-18T00:00:00+01:00"/>
			</extension>
		</extension>
	</gender>
	<address>
	<!-- Norwegian address: http://hl7.no/fhir/StructureDefinition/no-basis-Address -->
	<!-- Norwegian basisprofil for Address resource adding Norwegian specific property information, official use of address and further explanation of the use for the data-elements in a Norwegian address. -->
		<extension url="http://hl7.no/fhir/StructureDefinition/no-basis-propertyinformation">
		<!-- Identification of a real property in Norway is defined using gårdsnummer, bruksnummer and kommunenummer. In addition real property can be rented out, the area of the real property that is rented is measured and is further identified by its festenummer. In addition some real property is split into sections identified by its seksjonsnummer. -->
			<extension url="municipality"> <!-- kommunenummer -->
				<valueCoding>
					<system value="urn:oid:2.16.578.1.12.4.1.1.3402"/>
					<code value="0238"/>
					<display value="Nannestad"/>
				</valueCoding>
			</extension>
		</extension>
		<extension url="http://ehelse.no/fhir/StructureDefinition/gd-fregmetadata">
			<extension url="registeredTimestamp"> <!-- ajourholdstidspunkt -->
				<valueDateTime value="2019-10-06T08:07:21+02:00"/>
			</extension>
			<extension url="currentInfo"> <!-- ergjeldende -->
				<valueBoolean value="true"/>
			</extension>	
			<extension url="reason"> <!-- aarsak -->
				<valueString value="Adresseendring fra matrikkelen"/>
			</extension>
			<extension url="validFrom"> <!-- gyldighetstidspunkt -->
				<valueDateTime value="2019-10-06T00:00:00+02:00"/>
			</extension>
		</extension>
		<extension url="http://hl7.no/fhir/StructureDefinition/no-basis-address-official">
		<!-- Defines the concept of an officially registered address in Norway. Usually this will be the adress registered in "Folkeregisteret" for persons or "Enhetsregisteret" for organizations. -->
			<valueBoolean value="true"/>
		</extension>
		<extension url="http://ehelse.no/fhir/StructureDefinition/gd-address-metadata">
			<extension url="confidentiality"> <!-- adressegradering -->
				<valueCode value="ugradert"/>
			</extension>
			<extension url="basicStatisticalUnit"> 
				<valueInteger value="301"/> <!-- grunnkrets -->
			</extension>
			<extension url="parishId"> <!-- kirkekrets -->
				<valueCode value="2"/>
			</extension>
			<extension url="constituencyId"> <!-- stemmekrets -->
				<valueInteger value="3"/>
			</extension>
			<extension url="schoolDistrict"> <!-- skolekrets -->
				<valueCode value="3"/>
			</extension>
			<extension url="fregAddressContentType"> 
				<valueCode value="Vegadresse"/>
			</extension>
			<extension url="fregAddressType">
				<valueCode value="Bostedsadresse"/>
			</extension>
			<extension url="cadastralIdentifier"> <!-- adresseIdentifikatorFraMatrikkelen -->
				<valueString value="161653509"/>
			</extension>
		</extension>
		<extension url="http://ehelse.no/fhir/StructureDefinition/gd-street-address">
			<extension url="addressCode"> <!-- adressekode -->
				<valueString value="2950"/>
			</extension>
		</extension>
		<extension url="http://ehelse.no/fhir/StructureDefinition/gd-separately-occupied-unit">
			<extension url="separatelyOccupiedUnitType"> <!-- bruksenhetstype -->
				<valueCode value="bolig"/>
			</extension>
			<extension url="separatelyOccupiedUnitNumber">
				<valueString value="H0101"/> <!-- bruksenhetsnummer -->
			</extension>
		</extension>
		<use value="home"/>
		<line value="Åsvegen 358">
			<extension url="http://hl7.org/fhir/StructureDefinition/iso21090-ADXP-streetName">
                <valueString value="Åsvegen" /> <!-- adressenavn -->
            </extension>
            <extension url="http://hl7.org/fhir/StructureDefinition/iso21090-ADXP-houseNumberNumeric">
                <valueString value="358" /> <!-- adressenummer.husnummer -->
            </extension>
		</line>
		<city value="NANNESTAD"/> <!-- Poststed -->
		<district value="NANNESTAD"/> <!-- Kommunenavn -->
		<postalCode value="2030"/> <!-- postnummer -->
		<country value="NO"/> <!-- land (er overflødig i norge -->
	</address>
	<address>
	<!-- Norwegian address: http://hl7.no/fhir/StructureDefinition/no-basis-Address -->
	<!-- Norwegian basisprofil for Address resource adding Norwegian specific property information, official use of address and further explanation of the use for the data-elements in a Norwegian address. -->
		<extension url="http://hl7.no/fhir/StructureDefinition/no-basis-propertyinformation">
		<!-- Identification of a real property in Norway is defined using gårdsnummer, bruksnummer and kommunenummer. In addition real property can be rented out, the area of the real property that is rented is measured and is further identified by its festenummer. In addition some real property is split into sections identified by its seksjonsnummer. -->
			<extension url="cadastralUnitNumber">
				<valueInteger value="15"/>
			</extension>
			<extension url="propertyUnitNumber">
				<valueInteger value="557"/>
			</extension>
			<extension url="municipality">
				<valueCoding>
					<system value="urn:oid:2.16.578.1.12.4.1.1.3402"/>
					<code value="1201"/>
					<display value="Bergen"/>
				</valueCoding>
			</extension>
		</extension>
		<extension url="http://ehelse.no/fhir/StructureDefinition/gd-fregmetadata">
			<extension url="registeredTimestamp"> <!-- ajourholdstidspunkt -->
				<valueDateTime value="2019-09-04T00:00:00+02:00"/>
			</extension>
			<extension url="currentInfo"> <!-- ergjeldende -->
				<valueBoolean value="false"/>
			</extension>	
			<extension url="source">
				<valueString value ="KILDE_DSF"/>
			</extension>
			<extension url="reason"> <!-- aarsak -->
				<valueString value="Årsakskode fra DSF:"/>
			</extension>
			<extension url="validFrom"> <!-- gyldighetstidspunkt -->
				<valueDateTime value="2019-09-04T00:00:00+02:00"/>
			</extension>
		</extension>
		<extension url="http://hl7.no/fhir/StructureDefinition/no-basis-address-official">
		<!-- Defines the concept of an officially registered address in Norway. Usually this will be the adress registered in "Folkeregisteret" for persons or "Enhetsregisteret" for organizations. -->
			<valueBoolean value="false"/>
		</extension>
		<extension url="http://ehelse.no/fhir/StructureDefinition/gd-address-metadata">
			<extension url="confidentiality">
				<valueCode value="ugradert"/>
			</extension>
			<extension url="fregAddressContentType">
				<valueCode value="Matrikkeladresse"/>
			</extension>
			<extension url="fregAddressType">
				<valueCode value="Bostedsadresse"/>
			</extension>
		</extension>
		<use value="home"/>
		<line value="Nyhaugveien 3"/>
		<city value="BERGEN"/> <!-- Poststed -->
		<district value="BERGEN"/> <!-- Kommunenavn -->
		<postalCode value="5067"/> <!-- postnummer -->
		<country value="NO"/> <!-- land (er overflødig i norge -->
	</address>
	<address> <!-- preferert kontaktadresse -->
		<extension url="http://ehelse.no/fhir/StructureDefinition/gd-fregmetadata">
			<extension url="registeredTimestamp"> <!-- ajourholdstidspunkt -->
				<valueDateTime value="2019-09-04T00:00:00+02:00"/>
			</extension>
			<extension url="currentInfo"> <!-- ergjeldende -->
				<valueBoolean value="false"/>
			</extension>	
			<extension url="source">
				<valueString value ="KILDE_DSF"/>
			</extension>
			<extension url="reason"> <!-- aarsak -->
				<valueString value="Årsakskode fra DSF:"/>
			</extension>
			<extension url="validFrom"> <!-- gyldighetstidspunkt -->
				<valueDateTime value="2019-09-04T00:00:00+02:00"/>
			</extension>
		</extension>
		<extension url="http://hl7.no/fhir/StructureDefinition/no-basis-address-official">
		<!-- Defines the concept of an officially registered address in Norway. Usually this will be the adress registered in "Folkeregisteret" for persons or "Enhetsregisteret" for organizations. -->
			<valueBoolean value="false"/>
		</extension>
		<extension url="http://ehelse.no/fhir/StructureDefinition/gd-address-metadata">
			<extension url="confidentiality">
				<valueCode value="ugradert"/>
			</extension>
			<extension url="fregAddressContentType">
				<valueCode value="PostadresseFrittFormat"/>
			</extension>
			<extension url="fregAddressType">
				<valueCode value="PreferertKontaktadresse"/>
			</extension>
		</extension>
		<extension url="http://ehelse.no/fhir/StructureDefinition/gd-preferred-address">
			<valueCode value="Bostedsadresse"/>
		</extension>
		<line value="Åsvegen 358"/>
		<line value="2030 NANNESTAD"/> <!-- Poststed -->
	</address>
</Person>