<Person xmlns="http://hl7.org/fhir">
	<meta>
		<profile value="http://ehelse.no/fhir/StructureDefinition/gd-Person"/>
	</meta>
	<extension url="http://ehelse.no/fhir/StructureDefinition/gd-person-status">
		<extension url="fregPersonStatus">
			<valueCode value="bosatt"/>
		</extension>
		<extension url="http://ehelse.no/fhir/StructureDefinition/gd-fregmetadata">
			<extension url="registeredTimestamp">
				<valueDateTime value="2019-09-05T11:17:43.399+02:00"/>
			</extension>
			<extension url="currentInfo">
				<valueBoolean value="true"/>
			</extension>	
			<extension url="source">
				<valueString value="KILDE_DSF"/>
			</extension>
			<extension url="validFrom">
				<valueDateTime value="2019-09-05T11:17:43.399+02:00"/>
			</extension>
		</extension>
	</extension>
	<extension url="http://ehelse.no/fhir/StructureDefinition/gd-person-citizenship">
		<extension url="code">
			<valueCodeableConcept>
				<coding>
					<system value="urn:iso:std:iso:3166" />
                    <code value="NO" />
				</coding>
			</valueCodeableConcept>
		</extension>
	</extension>
	<identifier><!-- Fødselnummeret til brukeren -->
		<extension url="http://ehelse.no/fhir/StructureDefinition/gd-person-identifier-status">
			<valueCode value="iBruk"/>
		</extension>
		<system value="urn:oid:2.16.578.1.12.4.1.4.1"/>
		<value value="25036000564"/>
	</identifier>
	<name> <!-- Navnet til brukeren -->
		<extension url="http://ehelse.no/fhir/StructureDefinition/gd-fregmetadata">
			<extension url="registeredTimestamp">
				<valueDateTime value="2019-05-03T09:50:05+02:00"/>
			</extension>
			<extension url="currentInfo">
				<valueBoolean value="true"/>
			</extension>	
			<extension url="reason">	
				<valueString value="Første gangs navnevalg"/>
			</extension>
			<extension url="validFrom">
				<valueDateTime value="2019-07-03T00:00:00+02:00"/>
			</extension>
		</extension>
		<extension url="http://hl7.no/fhir/StructureDefinition/no-basis-middlename">
				<valueString value="Tirsdag"/>
		</extension>
		<family value="Påjord"/>
		<given value="Fred"/>
	</name>
	<!-- Administrative Gender - the gender that the patient is considered to have for administration and record keeping purposes. -->
	<gender value="male">
		<extension url="http://ehelse.no/fhir/StructureDefinition/gd-fregmetadata">
			<extension url="registeredTimestamp">
				<valueDateTime value="2019-02-18T11:15:43+01:00"/>
			</extension>
			<extension url="currentInfo">
				<valueBoolean value="true"/>
			</extension>	
			<extension url="reason">	
				<valueString value="Fødsel"/>
			</extension>
			<extension url="validFrom">
				<valueDateTime value="2019-02-18T00:00:00+01:00"/>
			</extension>
		</extension>
	</gender>
	<birthDate value="1960-03-25"/>
	<address>
	<!-- Norwegian address: http://hl7.no/fhir/StructureDefinition/no-basis-Address -->
	<!-- Norwegian basisprofil for Address resource adding Norwegian specific property information, official use of address and further explanation of the use for the data-elements in a Norwegian address. -->
		<extension url="http://hl7.no/fhir/StructureDefinition/no-basis-propertyinformation">
		<!-- Identification of a real property in Norway is defined using gårdsnummer, bruksnummer and kommunenummer. In addition real property can be rented out, the area of the real property that is rented is measured and is further identified by its festenummer. In addition some real property is split into sections identified by its seksjonsnummer. -->
			<extension url="cadastralUnitNumber">
				<valueInteger value="15"/>
			</extension>
			<extension url="propertyUnitNumber">
				<valueInteger value="557"/>
			</extension>
			<extension url="municipality">
				<valueCoding>
					<system value="urn:oid:2.16.578.1.12.4.1.1.3402"/>
					<code value="1201"/>
					<display value="Bergen"/>
				</valueCoding>
			</extension>
		</extension>
		<extension url="http://hl7.no/fhir/StructureDefinition/no-basis-address-official">
		<!-- Defines the concept of an officially registered address in Norway. Usually this will be the adress registered in "Folkeregisteret" for persons or "Enhetsregisteret" for organizations. -->
			<valueBoolean value="true"/>
		</extension>
		<extension url="http://ehelse.no/fhir/StructureDefinition/gd-address-metadata">
			<extension url="confidentiality">
				<valueCode value="ugradert"/>
			</extension>
			<extension url="fregAddressContentType">
				<valueCode value="Matrikkeladresse"/>
			</extension>
			<extension url="fregAddressType">
				<valueCode value="Bostedsadresse"/>
			</extension>
		</extension>
		<use value="home"/>
		<line value="Nyhaugveien 3"/>
		<city value="BERGEN"/> <!-- Poststed -->
		<district value="BERGEN"/> <!-- Kommunenavn -->
		<postalCode value="5067"/> <!-- postnummer -->
		<country value="NO"/> <!-- land (er overflødig i norge -->
	</address>
</Person>