<RelatedPerson xmlns="http://hl7.org/fhir">
	<RelatedPerson>
		<id value="267eec30-5fbe-4e95-b310-57f9566fad96" />
		<meta>
			<versionId value="113f1423-1960-492f-a6e9-ad5a83332376" />
			<lastUpdated value="2020-04-07T12:05:46.857+00:00" />
			<profile value="http://ehelse.no/fhir/StructureDefinition/gd-RelatedPerson" />
		</meta>
		<identifier>
			<system value="urn:oid:2.16.578.1.12.4.1.4.1" />
			<value value="20044902851" />
		</identifier>
		<patient>
			<reference value="https://51.120.2.163/Person/9424c892-bf07-4f82-bab9-95aa56270de0" />
		</patient>
		<relationship>
			<extension url="http://ehelse.no/fhir/StructureDefinition/gd-family-relation">
				<extension url="roleOfRelatedPersonInstance">
					<valueCode value="barn" />
				</extension>
				<extension url="http://ehelse.no/fhir/StructureDefinition/gd-fregmetadata">
					<extension url="currentInfo">
						<valueBoolean value="true" />
					</extension>
					<extension url="registeredTimestamp">
						<valueDateTime value="2020-03-26T09:15:19.786+00:00" />
					</extension>
					<extension url="source">
						<valueString value="KILDE_DSF" />
					</extension>
					<extension url="validFrom">
						<valueDateTime value="1949-04-19T23:00:00+00:00" />
					</extension>
				</extension>
			</extension>
			<coding>
				<system value="http://ehelse.no/fhir/CodeSystem/gd-person-familyrelation-v05" />
				<code value="mor" />
			</coding>
			<text value="Mor" />
		</relationship>
	</RelatedPerson>
</RelatedPerson>