<?xml version="1.0" encoding="UTF-8" standalone="yes"?>
<folkeregisterperson xmlns="folkeregisteret:tilgjengeliggjoering:person:v1">
	<identifikasjonsnummer>
		<ajourholdstidspunkt>2019-02-18T11:15:43+01:00</ajourholdstidspunkt>
		<erGjeldende>true</erGjeldende>
		<kilde>dsf-folkeregister-synkronisering</kilde>
		<gyldighetstidspunkt>2019-02-18T00:00:00+01:00</gyldighetstidspunkt>
		<status>iBruk</status>
		<foedselsEllerDNummer>04021950128</foedselsEllerDNummer>
		<identifikatortype>foedselsnummer</identifikatortype>
	</identifikasjonsnummer>
	<identitetsgrunnlag>
		<ajourholdstidspunkt>2019-02-23T10:04:03.592+01:00</ajourholdstidspunkt>
		<erGjeldende>true</erGjeldende>
		<kilde>Synutopia</kilde>
		<gyldighetstidspunkt>2019-02-23T10:04:03.592+01:00</gyldighetstidspunkt>
		<identitetsgrunnlagstatus>ikkeKontrollert</identitetsgrunnlagstatus>
	</identitetsgrunnlag>
	<legitimasjonsdokument>
		<ajourholdstidspunkt>2019-02-23T10:04:03.592+01:00</ajourholdstidspunkt>
		<erGjeldende>true</erGjeldende>
		<kilde>Synutopia</kilde>
		<identifikasjonsdokumenttype>utlendingspass</identifikasjonsdokumenttype>
		<utstederland>TKM</utstederland>
	</legitimasjonsdokument>
	<status>
		<ajourholdstidspunkt>2019-02-18T11:15:43+01:00</ajourholdstidspunkt>
		<erGjeldende>true</erGjeldende>
		<kilde/>
		<aarsak>Fødsel</aarsak>
		<gyldighetstidspunkt>2019-02-18T11:15:43+01:00</gyldighetstidspunkt>
		<status>bosatt</status>
	</status>
	<kjoenn>
		<ajourholdstidspunkt>2019-02-18T11:15:43+01:00</ajourholdstidspunkt>
		<erGjeldende>true</erGjeldende>
		<kilde/>
		<aarsak>Fødsel</aarsak>
		<gyldighetstidspunkt>2019-02-18T00:00:00+01:00</gyldighetstidspunkt>
		<kjoenn>mann</kjoenn>
	</kjoenn>
	<foedsel>
		<ajourholdstidspunkt>2019-02-18T11:15:43+01:00</ajourholdstidspunkt>
		<erGjeldende>true</erGjeldende>
		<kilde/>
		<aarsak>Fødsel</aarsak>
		<gyldighetstidspunkt>2019-02-18T00:00:00+01:00</gyldighetstidspunkt>
		<foedselsdato>2019-02-04</foedselsdato>
		<foedselsaar xmlns:xsi="http://www.w3.org/2001/XMLSchema-instance" xmlns:xs="http://www.w3.org/2001/XMLSchema" xsi:type="xs:int">2019</foedselsaar>
		<foedested/>
	</foedsel>
	<navn>
		<ajourholdstidspunkt>2019-05-03T09:50:05+02:00</ajourholdstidspunkt>
		<erGjeldende>true</erGjeldende>
		<kilde/>
		<aarsak>Første gangs navnevalg</aarsak>
		<gyldighetstidspunkt>2019-07-03T00:00:00+02:00</gyldighetstidspunkt>
		<fornavn>AKTVERDIG</fornavn>
		<etternavn>MANDAGSBIL</etternavn>
	</navn>
</folkeregisterperson>
