<?xml version="1.0" encoding="UTF-8"?>
<CapabilityStatement xmlns="http://hl7.org/fhir" >
	<url value="http://ehelse.no/fhir/CapabilityStatement/gd-Person-Server-Requirements/v300"/>
	<version value="3.0.0"/>
	<name value="PersonServerRequirements"/>
	<title value="Requirements for Grunndata Person Service Interface (server)"/>
	<status value="draft"/>
	<date value="2020-03-06"/>
	<description value="Requirements for the Grunndata Person service provided by Direktoratet for e-helse. Requirements for the test deliverable (L1)."/>
	<kind value="requirements"/>
	<fhirVersion value="4.0.0"/>
	<format value="json"/>
	<format value="xml"/>
	<rest>
		<mode value="server"/>
		<resource>
		<extension url="http://hl7.org/fhir/StructureDefinition/capabilitystatement-search-parameter-combination">
				<extension url="required">
					<valueString value="name"/>
				</extension>
				<extension url="required">
					<valueString value="birthdate"/>
				</extension>
			</extension>
			<type value="Person"/>
			<profile value="http://ehelse.no/fhir/StructureDefinition/gd-Person"/>
			<interaction>
				<code value="search-type"/>
				<documentation value="Search for a specific Resource type on some specified filter criteria"/>
			</interaction>
			<interaction>
				<code value="read"/>
				<documentation value="Normal read operation."/>
			</interaction>
			<interaction>
				<code value="vread"/>
				<documentation value="Normal read operation on specific versions."/>
			</interaction>
			<interaction>
				<code value="history-instance"/>
				<documentation value="Retrieve the change history for a particular resource."/>
			</interaction>
			<interaction>
				<code value="history-type"/>
				<documentation value="Retrieve the change history for all resources of a particular type."/>
			</interaction>
			<searchInclude value="*"/>
			<searchInclude value="Person:link"/>
			<searchInclude value="Person:organization"/>
			<searchInclude value="Person:patient"/>
			<searchInclude value="Person:practitioner"/>
			<searchInclude value="Person:relatedperson"/>
			<searchRevInclude value="RelatedPerson:patient"/>
			<searchRevInclude value="Provenance:target"/>
			<searchParam>
				<extension url="http://hl7.org/fhir/StructureDefinition/capabilitystatement-expectation">
					<valueCode value="SHALL"/>
				</extension>
				<name value="_id"/>
				<type value="token"/>
				<documentation value="
					Search on Person by logical id of the Resource: 
					```
					GET [base]/Person?_id=[id]
					GET [base]/Person/[id]
					```"/>
			</searchParam>
			<searchParam>
				<extension url="http://hl7.org/fhir/StructureDefinition/capabilitystatement-expectation">
					<valueCode value="SHALL"/>
				</extension>
				<name value="identifier"/>
				<type value="token"/>
				<documentation value="Search on Person.identifier: POST [base]/Person/_search  parameters in HTTP body: identifier=[system]|[code] Example: POST [base]/Person/_search parameters in HTTP body: identifier=urn:oid:2.16.578.1.12.4.1.4.1|04021950128"/>
			</searchParam>
			<searchParam>
				<extension url="http://hl7.org/fhir/StructureDefinition/capabilitystatement-expectation">
					<valueCode value="SHALL"/>
				</extension>
				<name value="name"/>
				<type value="string"/>
				<documentation value="Search on Person.name: GET [base]/Person?name=[string]"/>
			</searchParam>
			<searchParam>
				<extension url="http://hl7.org/fhir/StructureDefinition/capabilitystatement-expectation">
					<valueCode value="SHALL"/>
				</extension>
				<name value="birthdate"/>
				<type value="date"/>
				<documentation value="Search on Person.birthdate: GET [base]/Person?birthdate=[date]"/>
			</searchParam>
			<searchParam>
				<extension url="http://hl7.org/fhir/StructureDefinition/capabilitystatement-expectation">
					<valueCode value="SHALL"/>
				</extension>
				<name value="gender"/>
				<type value="token"/>
				<documentation value="Search on Person.gender: GET [base]/Person?gender=[code]"/>
			</searchParam>
			<searchParam>
				<extension url="http://hl7.org/fhir/StructureDefinition/capabilitystatement-expectation">
					<valueCode value="SHALL"/>
				</extension>
				<name value="address"/>
				<type value="string"/>
				<documentation value="A server defined search that may match any of the string fields in the Address, including line, city, district, state, country, postalCode, and/or text. Search on Person.address: GET [base]/Person?address=[string]"/>
			</searchParam>
			<searchParam>
				<extension url="http://hl7.org/fhir/StructureDefinition/capabilitystatement-expectation">
					<valueCode value="SHALL"/>
				</extension>
				<name value="address-city"/>
				<type value="string"/>
				<documentation value="A city specified in an address. Search on Person.address.city: GET [base]/Person?address.city=[string]"/>
			</searchParam>
			<searchParam>
				<extension url="http://hl7.org/fhir/StructureDefinition/capabilitystatement-expectation">
					<valueCode value="SHALL"/>
				</extension>
				<name value="gdaddresstype"/>
				<definition value="http://ehelse.no/fhir/SearchParameter/gd-Address-type"/>
				<type value="token"/>
				<documentation value="SearchParameter for the freg type of gd-Addresses"/>
			</searchParam>
			<searchParam>
				<extension url="http://hl7.org/fhir/StructureDefinition/capabilitystatement-expectation">
					<valueCode value="SHALL"/>
				</extension>
				<name value="addresscontenttype"/>
				<definition value="http://ehelse.no/fhir/SearchParameter/gd-Address-contenttype"/>
				<type value="token"/>
				<documentation value="SearchParameter for the content type of gd-Addresses"/>
			</searchParam>
            <searchParam>
				<extension url="http://hl7.org/fhir/StructureDefinition/capabilitystatement-expectation">
					<valueCode value="SHALL"/>
				</extension>
				<name value="middlename"/>
				<definition value="http://hl7.no/fhir/SearchParameter/no-basis-middlename"/>
				<type value="string"/>
				<documentation value="SearchParameter for the Norwegian middlename extension http://hl7.no/fhir/StructureDefinition/no-basis-middlename"/>
			</searchParam>
			<searchParam>
				<extension url="http://hl7.org/fhir/StructureDefinition/capabilitystatement-expectation">
					<valueCode value="SHALL"/>
				</extension>
				<name value="given"/>
				<type value="string"/>
				<documentation value="Search on Person.given name: GET [base]/Person?given=[string]"/>
			</searchParam>
			<searchParam>
				<extension url="http://hl7.org/fhir/StructureDefinition/capabilitystatement-expectation">
					<valueCode value="SHALL"/>
				</extension>
				<name value="family"/>
				<type value="string"/>
				<documentation value="Search on Person.family name: GET [base]/Person?family=[string]"/>
			</searchParam>
			<searchParam>
				<name value="_language"/>
				<type value="string"/>
				<documentation value="The language of the resource"/>
			 </searchParam>
			 <searchParam>
				<name value="address-state"/>
				<type value="string"/>
				<documentation value="A state specified in an address"/>
			 </searchParam>
			 <searchParam>
				<name value="practitioner"/>
				<type value="reference"/>
				<documentation value="The Person links to this Practitioner"/>
			 </searchParam>
			 <searchParam>
				<name value="relatedperson"/>
				<type value="reference"/>
				<documentation value="The Person links to this RelatedPerson"/>
			 </searchParam>
			 <searchParam>
				<name value="address-postalcode"/>
				<type value="string"/>
				<documentation value="A postal code specified in an address"/>
			 </searchParam>
			 <searchParam>
				<name value="address-country"/>
				<type value="string"/>
				<documentation value="A country specified in an address"/>
			 </searchParam>
			 <searchParam>
				<name value="phonetic"/>
				<type value="string"/>
				<documentation value="A portion of name using some kind of phonetic matching algorithm"/>
			 </searchParam>
			 <searchParam>
				<name value="phone"/>
				<type value="token"/>
				<documentation value="A value in a phone contact"/>
			 </searchParam>
			 <searchParam>
				<name value="patient"/>
				<type value="reference"/>
				<documentation value="The Person links to this Patient"/>
			 </searchParam>
			 <searchParam>
				<name value="organization"/>
				<type value="reference"/>
				<documentation value="The organization at which this person record is being managed"/>
			 </searchParam>
			 <searchParam>
				<name value="address-use"/>
				<type value="token"/>
				<documentation value="A use code specified in an address"/>
			 </searchParam>
			 <searchParam>
				<name value="telecom"/>
				<type value="token"/>
				<documentation value="The value in any kind of contact"/>
			 </searchParam>
			 <searchParam>
				<name value="email"/>
				<type value="token"/>
				<documentation value="A value in an email contact"/>
			 </searchParam>
		</resource>
		<resource>
			<type value="RelatedPerson"/>
			<profile value="http://ehelse.no/fhir/StructureDefinition/gd-RelatedPerson"/>
			<interaction>
				<code value="search-type"/>
				<documentation value="Search for a specific Resource type on some specified filter criteria"/>
			</interaction>
			<interaction>
				<code value="read"/>
				<documentation value="Normal read operation."/>
			</interaction>
			<interaction>
				<code value="vread"/>
				<documentation value="Normal read operation on specific versions."/>
			</interaction>
			<interaction>
				<code value="history-instance"/>
			</interaction>
			<interaction>
				<code value="history-type"/>
			</interaction>
			<searchInclude value="RelatedPerson:patient"/>
			<searchRevInclude value="Provenance:target"/>
			<searchParam>
				<extension url="http://hl7.org/fhir/StructureDefinition/capabilitystatement-expectation">
					<valueCode value="SHALL"/>
				</extension>
				<name value="_id"/>
				<type value="token"/>
				<documentation value="Search on RelatedPerson by logical id of the Resource: GET [base]/RelatedPerson?_id=[id] or GET [base]/RelatedPerson/[id]"/>
			</searchParam>
			<searchParam>
				<extension url="http://hl7.org/fhir/StructureDefinition/capabilitystatement-expectation">
					<valueCode value="SHALL"/>
				</extension>
				<name value="identifier"/>
				<type value="token"/>
				<documentation value="Search on RelatedPerson.identifier: POST [base]/RelatedPerson/_search parameters in HTTP body: identifier=[system]|[code] Example: POST [base]/RelatedPerson/_search parameters in HTTP body: identifier=urn:oid:2.16.578.1.12.4.1.4.1|13116900216"/>
			</searchParam>
			<searchParam>
				<extension url="http://hl7.org/fhir/StructureDefinition/capabilitystatement-expectation">
					<valueCode value="SHALL"/>
				</extension>
				<name value="patient"/>
				<type value="reference"/>
				<documentation value="Search on RelatedPerson.patient reference: GET [base]/RelatedPerson?patient:identifier=[system]|[code] Example: GET [base]/RelatedPerson?patient:identifier=urn:oid:2.16.578.1.12.4.1.4.1|04021950128"/>
			</searchParam>
			<searchParam>
				<name value="name"/>
				<type value="string"/>
				<documentation value="Search on RelatedPerson.name: GET [base]/RelatedPerson?name=[string]"/>
			</searchParam>
			<searchParam>
				<name value="relationship"/>
				<type value="token"/>
				<documentation value="Search on relationshiptype RelatedPerson.relationship: GET [base]/RelatedPerson?relationship=[system]|[code]"/>
			</searchParam>
			<searchParam>
            <name value="_language"/>
            <type value="string"/>
            <documentation value="The language of the resource"/>
         </searchParam>
  
         <searchParam>
            <name value="gdaddresstype"/>
            <type value="token"/>
            <documentation value="SearchParameter for the freg type of gd-Addresses"/>
         </searchParam>
         <searchParam>
            <name value="address"/>
            <type value="string"/>
            <documentation value="A server defined search that may match any of the string fields in the Address, including line, city, district, state, country, postalCode, and/or text"/>
         </searchParam>
         <searchParam>
            <name value="birthdate"/>
            <type value="date"/>
            <documentation value="The Related Person's date of birth"/>
         </searchParam>
         <searchParam>
            <name value="gender"/>
            <type value="token"/>
            <documentation value="Gender of the related person"/>
         </searchParam>
         <searchParam>
            <name value="addresscontenttype"/>
            <type value="token"/>
            <documentation value="SearchParameter for the content type of gd-Addresses"/>
         </searchParam>
         <searchParam>
            <name value="active"/>
            <type value="token"/>
            <documentation value="Indicates if the related person record is active"/>
         </searchParam>
         <searchParam>
            <name value="address-postalcode"/>
            <type value="string"/>
            <documentation value="A postal code specified in an address"/>
         </searchParam>
         <searchParam>
            <name value="address-country"/>
            <type value="string"/>
            <documentation value="A country specified in an address"/>
         </searchParam>
         <searchParam>
            <name value="phonetic"/>
            <type value="string"/>
            <documentation value="A portion of name using some kind of phonetic matching algorithm"/>
         </searchParam>
         <searchParam>
            <name value="phone"/>
            <type value="token"/>
            <documentation value="A value in a phone contact"/>
         </searchParam>
         <searchParam>
            <name value="address-use"/>
            <type value="token"/>
            <documentation value="A use code specified in an address"/>
         </searchParam>
         <searchParam>
            <name value="address-city"/>
            <type value="string"/>
            <documentation value="A city specified in an address"/>
         </searchParam>
		</resource>
		<resource>
			<type value="Provenance"/>
			<profile value="http://ehelse.no/fhir/StructureDefinition/gd-Provenance"/>
			<interaction>
				<code value="search-type"/>
				<documentation value="Search for a specific Resource type on some specified filter criteria"/>
			</interaction>
			<interaction>
				<code value="read"/>
				<documentation value="Normal read operation."/>
			</interaction>
			<interaction>
				<code value="vread"/>
				<documentation value="Normal read operation on specific versions."/>
			</interaction>
			<searchInclude value="*"/>
			<searchInclude value="Provenance:agent"/>
			<searchInclude value="Provenance:entity"/>
			<searchInclude value="Provenance:target"/>
			<searchInclude value="Provenance:location"/>
			<searchInclude value="Provenance:patient"/>
			<searchParam>
				<extension url="http://hl7.org/fhir/StructureDefinition/capabilitystatement-expectation">
					<valueCode value="SHALL"/>
				</extension>
				<name value="_id"/>
				<type value="token"/>
				<documentation value="Search on Provenance by logical id of the Resource: GET [base]/Provenance?_id=[id] or GET [base]/Provenance/[id]"/>
			</searchParam>
			<searchParam>
				<extension url="http://hl7.org/fhir/StructureDefinition/capabilitystatement-expectation">
					<valueCode value="SHALL"/>
				</extension>
				<name value="target"/>
				<type value="reference"/>
				<documentation value="Search on Provenance.target: GET [base]/Provenance?target=[reference]  Example: GET [base]/Provenance?target=Person/53098"/>
			</searchParam>
			<searchParam>
				<name value="entity"/>
				<type value="reference"/>
				<documentation value="Search on Provenance.entity reference: GET [base]/Provenance?entity=[reference]  Example: GET [base]/Provenance?entity=Person/53098"/>
			</searchParam>
			<searchParam>
				<extension url="http://hl7.org/fhir/StructureDefinition/capabilitystatement-expectation">
					<valueCode value="SHALL"/>
				</extension>
				<name value="recorded"/>
				<type value="date"/>
				<documentation value="Search on Provenance.recorded: GET [base]/Provenance?recorded=[date]  Example: GET [base]Provenance?recorded=gt2019-10-14T10:00&amp;_sort=_id"/>
			</searchParam>
			<searchParam>
				<name value="_language"/>
				<type value="string"/>
				<documentation value="The language of the resource"/>
			</searchParam>
			<searchParam>
				<name value="agent-type"/>
				<type value="token"/>
				<documentation value="How the agent participated"/>
			</searchParam>
			<searchParam>
				<name value="agent"/>
				<type value="reference"/>
				<documentation value="Who participated"/>
			</searchParam>
			<searchParam>
				<name value="signature-type"/>
				<type value="token"/>
				<documentation value="Indication of the reason the entity signed the object(s)"/>
			</searchParam>
			<searchParam>
				<name value="patient"/>
				<type value="reference"/>
				<documentation value="Target Reference(s) (usually version specific)"/>
			</searchParam>
			<searchParam>
				<name value="location"/>
				<type value="reference"/>
				<documentation value="Where the activity occurred, if relevant"/>
			</searchParam>
			<searchParam>
				<name value="agent-role"/>
				<type value="token"/>
				<documentation value="What the agents role was"/>
			</searchParam>
			<searchParam>
				<name value="when"/>
				<type value="date"/>
				<documentation value="When the activity occurred"/>
			</searchParam>
		</resource>
		<searchParam>
			<extension url="http://hl7.org/fhir/StructureDefinition/capabilitystatement-expectation">
				<valueCode value="SHALL"/>
			</extension>
			<name value="_total"/>
			<type value="token"/>
			<documentation value="This server have a default value of *none* set for the _total parameter. The default value reduce the server load for large search-sets. The default behaviour can be changed by setting the _total parameter in the search request, please consider not changing the _total parameter to *accurate* unless your client really needs this information."/>
		</searchParam>
		<searchParam>
			<extension url="http://hl7.org/fhir/StructureDefinition/capabilitystatement-expectation">
				<valueCode value="SHALL"/>
			</extension>
			<name value="_elements"/>
			<type value="string"/>
			<documentation value="The server expects _elements parameter to be set. The server expects all read and search interactions to use the *_elements* operation specifying what elements should be included in the search result. In the case where the _elements operation is missing a resouce containing only the identifier element is returned."/>
		</searchParam>
	</rest>
</CapabilityStatement>
