<?xml version="1.0" encoding="utf-8"?>
<StructureDefinition xmlns="http://hl7.org/fhir">
  <id value="gd-Address-box" />
  <url value="http://ehelse.no/fhir/StructureDefinition/gd-Address-box" />
  <version value="2.3.4" />
  <name value="GdAddressBox" />
  <status value="draft" />
  <date value="2019-10-17" />
  <description value="Contains information and metadata for addresses defined in Norwegian Master Person Index (FREG) and Norwegian Directorate of e-Health's health related Master Person Index.&#xD;&#xA;&#xD;&#xA;The profile defines information structure of a Norwegian post box address (postboksadresse), as defined by FREG.&#xD;&#xA;&#xD;&#xA;postadresse til en postboks" />
  <purpose value="postboksadresse" />
  <fhirVersion value="4.0.0" />
  <mapping>
    <identity value="freg" />
    <name value="postboksadresse" />
  </mapping>
  <kind value="complex-type" />
  <abstract value="false" />
  <type value="Address" />
  <baseDefinition value="http://ehelse.no/fhir/StructureDefinition/gd-Address" />
  <derivation value="constraint" />
  <differential>
    <element id="Address">
      <path value="Address" />
      <definition value="The profile defines information structure of a Norwegian post box address (postboksadresse), as defined by FREG.&#xD;&#xA;postadresse til en postboks&#xD;&#xA;&#xD;&#xA;Grunndata adresse&#xD;&#xA;Contains information and metadata for addresses defined in Norwegian Master Person Index and Norwegian Directorate of e-Health's health related Master Person Index.&#xD;&#xA;&#xD;&#xA;An address expressed using postal conventions (as opposed to GPS or other location definition formats).  This data type may be used to convey addresses for use in delivering mail as well as for visiting locations which might not be valid for mail delivery.  There are a variety of postal address formats defined around the world." />
      <alias value="postboksadresse" />
      <mapping>
        <identity value="freg" />
        <map value="postboksadresse" />
      </mapping>
    </element>
    <element id="Address.extension">
      <path value="Address.extension" />
      <slicing>
        <discriminator>
          <type value="value" />
          <path value="url" />
        </discriminator>
        <rules value="open" />
      </slicing>
    </element>
    <element id="Address.extension:postBoxOwner">
      <path value="Address.extension" />
      <sliceName value="postBoxOwner" />
      <short value="postbokseier fra FREG" />
      <definition value="postbokseier fra FREG, den som leier postboksen fra eier av postboksanlegget" />
      <max value="1" />
      <type>
        <code value="Extension" />
        <profile value="http://ehelse.no/fhir/StructureDefinition/gd-box-address" />
      </type>
      <mustSupport value="true" />
    </element>
    <element id="Address.line">
      <extension url="http://hl7.org/fhir/StructureDefinition/structuredefinition-standards-status">
        <valueCode value="normative" />
      </extension>
      <extension url="http://hl7.org/fhir/StructureDefinition/structuredefinition-normative-version">
        <valueCode value="4.0.0" />
      </extension>
      <path value="Address.line" />
      <min value="1" />
      <mustSupport value="true" />
    </element>
    <element id="Address.line.extension">
      <path value="Address.line.extension" />
      <slicing>
        <discriminator>
          <type value="value" />
          <path value="url" />
        </discriminator>
        <rules value="open" />
      </slicing>
    </element>
    <element id="Address.line.extension:postBox">
      <path value="Address.line.extension" />
      <sliceName value="postBox" />
      <short value="postboks fra FREG" />
      <definition value="identifikator på postboks som består av landets betegnelse for postboks samt den alfanumeriske identifikatoren til denne&#xD;&#xA;I tillegg legges postboksanleggets navn i dette feltet i norske adresser" />
      <alias value="postboks" />
      <min value="1" />
      <max value="1" />
      <type>
        <code value="Extension" />
        <profile value="http://hl7.org/fhir/StructureDefinition/iso21090-ADXP-postBox" />
      </type>
      <mustSupport value="true" />
      <mapping>
        <identity value="freg" />
        <map value="postboks" />
      </mapping>
    </element>
  </differential>
</StructureDefinition>