<?xml version="1.0" encoding="utf-8"?>
<StructureDefinition xmlns="http://hl7.org/fhir">
  <id value="gd-birth" />
  <url value="http://ehelse.no/fhir/StructureDefinition/gd-birth" />
  <version value="2.3.4" />
  <name value="GdBirth" />
  <title value="GdBirth" />
  <status value="draft" />
  <date value="2019-04-29" />
  <description value="Fødsel gir opplysninger om personens fødsel helt uavhengig av om denne er født i Norge eller ikke. Fødsel i Norge gir tilleggsinformasjon om fødselen hvis den har skjedd i Norge og er ment for bruk av spesielt interesserte og er derfor skilt ut fra fødsel.&#xD;&#xA;Det finnes ikke historiske data for disse informasjonselementene fordi det skal finnes maksimum en sannhet for hvert informasjonselement - selv om denne kan være korrigert flere ganger." />
  <fhirVersion value="4.0.0" />
  <kind value="complex-type" />
  <abstract value="false" />
  <context>
    <type value="element" />
    <expression value="Person" />
  </context>
  <type value="Extension" />
  <baseDefinition value="http://hl7.org/fhir/StructureDefinition/Extension" />
  <derivation value="constraint" />
  <differential>
    <element id="Extension">
      <path value="Extension" />
      <short value="Fødsel" />
      <definition value="Fødsel og FødselINorge fra FREG&#xD;&#xA;Dette er to relaterte egenskaper for en Folkeregisterperson. &#xD;&#xA;&#xD;&#xA;Fødsel gir opplysninger om personens fødsel helt uavhengig av om denne er født i Norge eller ikke. Fødsel i Norge gir tilleggsinformasjon om fødselen hvis den har skjedd i Norge og er ment for bruk av spesielt interesserte og er derfor skilt ut fra fødsel.&#xD;&#xA;Det finnes ikke historiske data for disse informasjonselementene fordi det skal finnes maksimum en sannhet for hvert informasjonselement - selv om denne kan være korrigert flere ganger." />
      <comment value="The actual birthDate is given in the Person/Patient/RelatedPerson.birtDate element. The metadata from freg conserning the birtDate is always connecte to the gd-birth extension." />
      <alias value="foedsel" />
      <max value="1" />
    </element>
    <element id="Extension.extension">
      <path value="Extension.extension" />
      <slicing>
        <discriminator>
          <type value="value" />
          <path value="url" />
        </discriminator>
        <rules value="open" />
      </slicing>
    </element>
    <element id="Extension.extension:birthYear">
      <path value="Extension.extension" />
      <sliceName value="birthYear" />
      <short value="året en person er født" />
      <definition value="året en person er født" />
      <alias value="fødselsår" />
      <min value="1" />
      <max value="1" />
    </element>
    <element id="Extension.extension:birthYear.url">
      <path value="Extension.extension.url" />
      <fixedUri value="birthYear" />
    </element>
    <element id="Extension.extension:birthYear.value[x]">
      <path value="Extension.extension.value[x]" />
      <short value="birthYear" />
      <definition value="birthYear only the year part of the date is given, the actual birthDate is given in Person/Patient/RelatedPerson.birtDate element." />
      <type>
        <code value="date" />
      </type>
    </element>
    <element id="Extension.extension:landOfBirth">
      <path value="Extension.extension" />
      <sliceName value="landOfBirth" />
      <short value="land of Birth" />
      <definition value="landet personen ble født i med kode og navn for personer som er født i utlandet&#xD;&#xA;Innholdet er en tre-bokstavs kode i majuskel format (store bokstaver) iht. ISO 3166-1 alfa 3" />
      <alias value="fødeland" />
      <max value="1" />
    </element>
    <element id="Extension.extension:landOfBirth.url">
      <path value="Extension.extension.url" />
      <fixedUri value="landOfBirth" />
    </element>
    <element id="Extension.extension:landOfBirth.value[x]">
      <path value="Extension.extension.value[x]" />
      <type>
        <code value="string" />
      </type>
    </element>
    <element id="Extension.extension:placeOfBirth">
      <path value="Extension.extension" />
      <sliceName value="placeOfBirth" />
      <short value="place of birth" />
      <definition value="fødekommunen eller fødelandet personen er født&#xD;&#xA;- Personer som er født i Norge: navnet på kommunen på fødselstidspunktet - hvis det er lagret, eller navnet på fødselsinstitusjonen&#xD;&#xA;- Personer som er født i utlandet: type steder kan variere fra land til land." />
      <alias value="fødested" />
      <max value="1" />
    </element>
    <element id="Extension.extension:placeOfBirth.url">
      <path value="Extension.extension.url" />
      <fixedUri value="placeOfBirth" />
    </element>
    <element id="Extension.extension:placeOfBirth.value[x]">
      <path value="Extension.extension.value[x]" />
      <type>
        <code value="string" />
      </type>
    </element>
    <element id="Extension.extension:placeOfBirthDistrict">
      <path value="Extension.extension" />
      <sliceName value="placeOfBirthDistrict" />
      <short value="District in Norway where the person was born" />
      <definition value="kommunen personen er fødselsregistrert i&#xD;&#xA;Innholdet er kommunenummeret på fødselstidspunktet.&#xD;&#xA;Denne informasjonen ligger under fødsel og ikke fødselINorge fordi det da er tilgjengelig i oppslag for alle rettighetspakker." />
      <alias value="fødekommuneINorge" />
      <max value="1" />
    </element>
    <element id="Extension.extension:placeOfBirthDistrict.url">
      <path value="Extension.extension.url" />
      <fixedUri value="placeOfBirthDistrict" />
    </element>
    <element id="Extension.extension:placeOfBirthDistrict.value[x]">
      <path value="Extension.extension.value[x]" />
      <type>
        <code value="string" />
      </type>
    </element>
    <element id="Extension.extension:fregMetadata">
      <path value="Extension.extension" />
      <sliceName value="fregMetadata" />
      <max value="1" />
    </element>
    <element id="Extension.extension:fregMetadata.extension">
      <path value="Extension.extension.extension" />
      <slicing>
        <discriminator>
          <type value="value" />
          <path value="url" />
        </discriminator>
        <rules value="open" />
      </slicing>
    </element>
    <element id="Extension.extension:fregMetadata.extension:metadata">
      <path value="Extension.extension.extension" />
      <sliceName value="metadata" />
      <max value="1" />
      <type>
        <code value="Extension" />
        <profile value="http://ehelse.no/fhir/StructureDefinition/gd-fregmetadata" />
      </type>
    </element>
    <element id="Extension.extension:fregMetadata.url">
      <path value="Extension.extension.url" />
      <fixedUri value="fregMetadata" />
    </element>
    <element id="Extension.extension:fregMetadata.value[x]">
      <path value="Extension.extension.value[x]" />
      <max value="0" />
    </element>
    <element id="Extension.url">
      <path value="Extension.url" />
      <fixedUri value="http://ehelse.no/fhir/StructureDefinition/gd-birth" />
    </element>
    <element id="Extension.value[x]">
      <path value="Extension.value[x]" />
      <max value="0" />
    </element>
  </differential>
</StructureDefinition>