<?xml version="1.0" encoding="utf-8"?>
<StructureDefinition xmlns="http://hl7.org/fhir">
  <id value="gd-birth-in-norway" />
  <url value="http://ehelse.no/fhir/StructureDefinition/gd-birth-in-norway" />
  <version value="2.3.4" />
  <name value="GdBirthInNorway" />
  <status value="draft" />
  <date value="2020-01-22" />
  <description value="Fødsel i Norge gir tilleggsinformasjon om fødselen hvis den har skjedd i Norge og er ment for bruk av spesielt interesserte og er derfor skilt ut fra fødsel." />
  <fhirVersion value="4.0.0" />
  <kind value="complex-type" />
  <abstract value="false" />
  <context>
    <type value="element" />
    <expression value="Person" />
  </context>
  <context>
    <type value="element" />
    <expression value="Patient" />
  </context>
  <context>
    <type value="element" />
    <expression value="RelatedPerson" />
  </context>
  <type value="Extension" />
  <baseDefinition value="http://hl7.org/fhir/StructureDefinition/Extension" />
  <derivation value="constraint" />
  <differential>
    <element id="Extension">
      <path value="Extension" />
      <short value="Fødsel i Norge" />
      <definition value="Fødsel i Norge gir tilleggsinformasjon om fødselen hvis den har skjedd i Norge og er ment for bruk av spesielt interesserte og er derfor skilt ut fra fødsel." />
      <alias value="FødselINorge" />
      <max value="1" />
    </element>
    <element id="Extension.extension">
      <path value="Extension.extension" />
      <slicing>
        <discriminator>
          <type value="value" />
          <path value="url" />
        </discriminator>
        <rules value="open" />
      </slicing>
    </element>
    <element id="Extension.extension:multipleBirthInteger">
      <path value="Extension.extension" />
      <sliceName value="multipleBirthInteger" />
      <short value="informasjon om nummer i rekken og antall barn i en flerfødsel" />
      <definition value="nummer som viser barnets nummer i rekken ved flerfødsel&#xD;&#xA;F.eks. om du er den førstefødte eller andrefødte tvillingen.&#xD;&#xA;&#xD;&#xA;Dette er ikke et felt som ble registrert i DSF, men som fremkom av fødselsmeldingen fra Helse.&#xD;&#xA;&#xD;&#xA;Rekkefølgenummeret ligger i Registeret fra Registeret ble master. Første siffer = antall barn i flerfødsel, andre siffer = nummer i rekken. Eksempel: 21 betyr førstefødte tvilling. (Det er, ved en feil, registret 11 i noen tilfelle uten at det er flerfødsel)" />
      <alias value="rekkefølgenummer" />
      <max value="1" />
    </element>
    <element id="Extension.extension:multipleBirthInteger.url">
      <path value="Extension.extension.url" />
      <fixedUri value="multipleBirthInteger" />
    </element>
    <element id="Extension.extension:multipleBirthInteger.value[x]">
      <extension url="http://hl7.org/fhir/StructureDefinition/structuredefinition-standards-status">
        <valueCode value="normative" />
      </extension>
      <path value="Extension.extension.value[x]" />
      <type>
        <code value="integer" />
      </type>
    </element>
    <element id="Extension.extension:organizationName">
      <path value="Extension.extension" />
      <sliceName value="organizationName" />
      <short value="navnet på helseinstitusjon i Norge hvor fødselen ble registrert" />
      <definition value="navnet på helseinstitusjon i Norge hvor fødselen ble registrert&#xD;&#xA;Kan inneholde teksten «HJEMMET»" />
      <alias value="fødselsinstitusjonsnavn" />
      <max value="1" />
    </element>
    <element id="Extension.extension:organizationName.url">
      <path value="Extension.extension.url" />
      <fixedUri value="organizationName" />
    </element>
    <element id="Extension.extension:organizationName.value[x]">
      <extension url="http://hl7.org/fhir/StructureDefinition/structuredefinition-standards-status">
        <valueCode value="normative" />
      </extension>
      <path value="Extension.extension.value[x]" />
      <type>
        <code value="string" />
      </type>
    </element>
    <element id="Extension.extension:fregMetadata">
      <path value="Extension.extension" />
      <sliceName value="fregMetadata" />
      <max value="1" />
    </element>
    <element id="Extension.extension:fregMetadata.extension">
      <path value="Extension.extension.extension" />
      <slicing>
        <discriminator>
          <type value="value" />
          <path value="url" />
        </discriminator>
        <rules value="open" />
      </slicing>
    </element>
    <element id="Extension.extension:fregMetadata.extension:metadata">
      <path value="Extension.extension.extension" />
      <sliceName value="metadata" />
      <max value="1" />
      <type>
        <code value="Extension" />
        <profile value="http://ehelse.no/fhir/StructureDefinition/gd-fregmetadata" />
      </type>
    </element>
    <element id="Extension.extension:fregMetadata.url">
      <path value="Extension.extension.url" />
      <fixedUri value="fregMetadata" />
    </element>
    <element id="Extension.extension:fregMetadata.value[x]">
      <extension url="http://hl7.org/fhir/StructureDefinition/structuredefinition-standards-status">
        <valueCode value="normative" />
      </extension>
      <path value="Extension.extension.value[x]" />
      <max value="0" />
    </element>
    <element id="Extension.url">
      <path value="Extension.url" />
      <fixedUri value="http://ehelse.no/fhir/StructureDefinition/gd-birth-in-norway" />
    </element>
    <element id="Extension.value[x]">
      <extension url="http://hl7.org/fhir/StructureDefinition/structuredefinition-standards-status">
        <valueCode value="normative" />
      </extension>
      <path value="Extension.value[x]" />
      <max value="0" />
    </element>
  </differential>
</StructureDefinition>