<?xml version="1.0" encoding="utf-8"?>
<StructureDefinition xmlns="http://hl7.org/fhir">
  <id value="gd-country-code-3166-1-3" />
  <url value="http://ehelse.no/fhir/StructureDefinition/gd-country-code-3166-1-3" />
  <version value="2.0.2" />
  <name value="GdCountryCode3166" />
  <status value="draft" />
  <date value="2019-10-16" />
  <description value="Element containting countrycodes from the official ValueSet definition for Iso 3166 Part 1: 3 Letter Codes" />
  <fhirVersion value="4.0.0" />
  <kind value="complex-type" />
  <abstract value="false" />
  <context>
    <type value="element" />
    <expression value="Address" />
  </context>
  <context>
    <type value="element" />
    <expression value="Patient" />
  </context>
  <context>
    <type value="element" />
    <expression value="Person" />
  </context>
  <context>
    <type value="element" />
    <expression value="Identifier" />
  </context>
  <type value="Extension" />
  <baseDefinition value="http://hl7.org/fhir/StructureDefinition/Extension" />
  <derivation value="constraint" />
  <differential>
    <element id="Extension">
      <path value="Extension" />
      <short value="Iso 3166 alpha 3 codes" />
      <definition value="Element containting countrycodes from the official ValueSet definition for Iso 3166 Part 1: 3 Letter Codes" />
    </element>
    <element id="Extension.url">
      <path value="Extension.url" />
      <fixedUri value="http://ehelse.no/fhir/StructureDefinition/gd-country-code-3166-1-3" />
    </element>
    <element id="Extension.value[x]">
      <path value="Extension.value[x]" />
      <type>
        <code value="code" />
      </type>
      <binding>
        <strength value="required" />
        <description value="Iso 3166 Part 1: 3 Letter Codes" />
        <valueSet value="http://hl7.org/fhir/ValueSet/iso3166-1-3" />
      </binding>
    </element>
  </differential>
</StructureDefinition>