<?xml version="1.0" encoding="utf-8"?>
<StructureDefinition xmlns="http://hl7.org/fhir">
  <id value="gd-deceased" />
  <url value="http://ehelse.no/fhir/StructureDefinition/gd-deceased" />
  <version value="2.1.0" />
  <name value="GdDeceased" />
  <status value="draft" />
  <date value="2019-10-16" />
  <description value="en hendelse der en person dør og erklæres død av en lege som deretter avgir legeerklæring om dødsfall (dødsattest)" />
  <fhirVersion value="4.0.0" />
  <kind value="complex-type" />
  <abstract value="false" />
  <context>
    <type value="element" />
    <expression value="Person" />
  </context>
  <context>
    <type value="element" />
    <expression value="RelatedPerson" />
  </context>
  <type value="Extension" />
  <baseDefinition value="http://hl7.org/fhir/StructureDefinition/Extension" />
  <derivation value="constraint" />
  <differential>
    <element id="Extension">
      <path value="Extension" />
      <short value="deceased" />
      <definition value="en hendelse der en person dør og erklæres død av en lege som deretter avgir legeerklæring om dødsfall (dødsattest)" />
      <max value="1" />
    </element>
    <element id="Extension.extension">
      <path value="Extension.extension" />
      <slicing>
        <discriminator>
          <type value="value" />
          <path value="url" />
        </discriminator>
        <rules value="open" />
      </slicing>
    </element>
    <element id="Extension.extension:deceasedDate">
      <path value="Extension.extension" />
      <sliceName value="deceasedDate" />
      <short value="dødsdato fra FREG" />
      <definition value="dato for dødstidspunktet&#xD;&#xA;Datoen er vanligvis satt av ansvarlig lege som del melding om dødsfall.&#xD;&#xA;Dersom en person er erklært forsvunnet ved kjennelse vil dødsdato satt etter nærmere regler være påført meldingen fra Tingretten." />
      <alias value="dødsdato" />
      <max value="1" />
    </element>
    <element id="Extension.extension:deceasedDate.url">
      <path value="Extension.extension.url" />
      <fixedUri value="deceasedDate" />
    </element>
    <element id="Extension.extension:deceasedDate.value[x]">
      <path value="Extension.extension.value[x]" />
      <type>
        <code value="date" />
      </type>
    </element>
    <element id="Extension.extension:fregMetadata">
      <path value="Extension.extension" />
      <sliceName value="fregMetadata" />
      <max value="1" />
      <type>
        <code value="Extension" />
        <profile value="http://ehelse.no/fhir/StructureDefinition/gd-fregmetadata" />
      </type>
    </element>
    <element id="Extension.extension:fregMetadata.url">
      <path value="Extension.extension.url" />
      <fixedUri value="fregMetadata" />
    </element>
    <element id="Extension.url">
      <path value="Extension.url" />
      <fixedUri value="http://ehelse.no/fhir/StructureDefinition/gd-deceased" />
    </element>
    <element id="Extension.value[x]">
      <path value="Extension.value[x]" />
      <max value="0" />
    </element>
  </differential>
</StructureDefinition>