<?xml version="1.0" encoding="utf-8"?>
<StructureDefinition xmlns="http://hl7.org/fhir">
  <id value="gd-family-relation" />
  <url value="http://ehelse.no/fhir/StructureDefinition/gd-family-relation" />
  <version value="2.2.1" />
  <name value="GdFamilyRelation" />
  <status value="draft" />
  <date value="2020-04-29" />
  <description value="Extension for representing information regarding family relations. Represents the same information awailable in the Norwegian Folkeregister." />
  <fhirVersion value="4.0.0" />
  <kind value="complex-type" />
  <abstract value="false" />
  <context>
    <type value="element" />
    <expression value="RelatedPerson" />
  </context>
  <context>
    <type value="element" />
    <expression value="RelatedPerson.relationship" />
  </context>
  <type value="Extension" />
  <baseDefinition value="http://hl7.org/fhir/StructureDefinition/Extension" />
  <derivation value="constraint" />
  <differential>
    <element id="Extension.extension">
      <path value="Extension.extension" />
      <slicing>
        <discriminator>
          <type value="value" />
          <path value="url" />
        </discriminator>
        <rules value="open" />
      </slicing>
    </element>
    <element id="Extension.extension:roleOfRelatedPersonInstance">
      <extension url="http://hl7.org/fhir/StructureDefinition/structuredefinition-standards-status">
        <valueCode value="normative" />
      </extension>
      <extension url="http://hl7.org/fhir/StructureDefinition/structuredefinition-normative-version">
        <valueCode value="4.0.0" />
      </extension>
      <path value="Extension.extension" />
      <sliceName value="roleOfRelatedPersonInstance" />
      <short value="Family relationship from Norwegian Person Index" />
      <definition value="Family relationship from Norwegian Person Index. &#xD;&#xA;This is the role of the RelatedPerson instance in a familyrelation to the RelatedPerson.patient instance (the value from minRolleForPerson in FREG).&#xD;&#xA;&#xD;&#xA;mor&#xD;&#xA;far&#xD;&#xA;medmor&#xD;&#xA;barn&#xD;&#xA;søsken&#xD;&#xA;ektefelleEllerPartner&#xD;&#xA;dødfødtBarn" />
      <alias value="relatertPersonsRolle" />
      <max value="1" />
      <binding>
        <strength value="required" />
        <valueSet value="http://hl7.no/fhir/ValueSet/no-basis-family-relation" />
      </binding>
    </element>
    <element id="Extension.extension:roleOfRelatedPersonInstance.url">
      <path value="Extension.extension.url" />
      <fixedUri value="roleOfRelatedPersonInstance" />
    </element>
    <element id="Extension.extension:roleOfRelatedPersonInstance.value[x]">
      <extension url="http://hl7.org/fhir/StructureDefinition/structuredefinition-standards-status">
        <valueCode value="normative" />
      </extension>
      <extension url="http://hl7.org/fhir/StructureDefinition/structuredefinition-normative-version">
        <valueCode value="4.0.0" />
      </extension>
      <path value="Extension.extension.value[x]" />
      <type>
        <code value="code" />
      </type>
    </element>
    <element id="Extension.extension:fregMetadata">
      <extension url="http://hl7.org/fhir/StructureDefinition/structuredefinition-standards-status">
        <valueCode value="normative" />
      </extension>
      <extension url="http://hl7.org/fhir/StructureDefinition/structuredefinition-normative-version">
        <valueCode value="4.0.0" />
      </extension>
      <path value="Extension.extension" />
      <sliceName value="fregMetadata" />
      <max value="1" />
      <type>
        <code value="Extension" />
        <profile value="http://ehelse.no/fhir/StructureDefinition/gd-fregmetadata" />
      </type>
    </element>
    <element id="Extension.extension:fregMetadata.url">
      <path value="Extension.extension.url" />
      <fixedUri value="fregMetadata" />
    </element>
    <element id="Extension.url">
      <path value="Extension.url" />
      <fixedUri value="http://ehelse.no/fhir/StructureDefinition/gd-family-relation" />
    </element>
    <element id="Extension.value[x]">
      <extension url="http://hl7.org/fhir/StructureDefinition/structuredefinition-standards-status">
        <valueCode value="normative" />
      </extension>
      <extension url="http://hl7.org/fhir/StructureDefinition/structuredefinition-normative-version">
        <valueCode value="4.0.0" />
      </extension>
      <path value="Extension.value[x]" />
      <max value="0" />
    </element>
  </differential>
</StructureDefinition>