<?xml version="1.0" encoding="utf-8"?>
<StructureDefinition xmlns="http://hl7.org/fhir">
  <id value="gd-marital-status" />
  <url value="http://ehelse.no/fhir/StructureDefinition/gd-marital-status" />
  <version value="2.3.4" />
  <name value="GdMaritalStatus" />
  <status value="draft" />
  <date value="2019-10-16" />
  <description value="Extension for representing information regarding marital status. Represents the same information awailable in the Norwegian Folkeregister (FREG)" />
  <fhirVersion value="4.0.0" />
  <kind value="complex-type" />
  <abstract value="false" />
  <context>
    <type value="element" />
    <expression value="RelatedPerson" />
  </context>
  <context>
    <type value="element" />
    <expression value="RelatedPerson.relationship" />
  </context>
  <type value="Extension" />
  <baseDefinition value="http://hl7.org/fhir/StructureDefinition/Extension" />
  <derivation value="constraint" />
  <differential>
    <element id="Extension">
      <path value="Extension" />
      <short value="Marital status registered in FREG" />
      <definition value="Extension for representing information regarding marital status. Represents the same information awailable in the Norwegian Folkeregister (FREG)" />
      <alias value="sivilstand" />
      <max value="1" />
    </element>
    <element id="Extension.extension">
      <path value="Extension.extension" />
      <slicing>
        <discriminator>
          <type value="value" />
          <path value="url" />
        </discriminator>
        <rules value="open" />
      </slicing>
    </element>
    <element id="Extension.extension:authority">
      <path value="Extension.extension" />
      <sliceName value="authority" />
      <short value="authority from FREG" />
      <definition value="lovlig rett og makt til å bestemme&#xD;&#xA;Det finnes til enhver tid en ubundet separat kodeliste for lovlige verdier.&#xD;&#xA;I DSF er denne verdien representert med vigselstype (VIGSELSTYPE). Vigselstype er transformert til kode for myndighet ved migrering" />
      <alias value="myndighet" />
      <max value="1" />
    </element>
    <element id="Extension.extension:authority.url">
      <path value="Extension.extension.url" />
      <fixedUri value="authority" />
    </element>
    <element id="Extension.extension:authority.value[x]">
      <path value="Extension.extension.value[x]" />
      <type>
        <code value="string" />
      </type>
    </element>
    <element id="Extension.extension:country">
      <path value="Extension.extension" />
      <sliceName value="country" />
      <short value="country information registered in FREG" />
      <definition value="territorier som ikke er omfattet av begrepet «riket»&#xD;&#xA;Utlandet (representert med landkoden) der sivilstanden ble endret.&#xD;&#xA;Innholdet er en tre-bokstavs kode i majuskel format (store bokstaver) iht. ISO 3166-1 alfa 3" />
      <alias value="utland" />
      <max value="1" />
    </element>
    <element id="Extension.extension:country.url">
      <path value="Extension.extension.url" />
      <fixedUri value="country" />
    </element>
    <element id="Extension.extension:country.value[x]">
      <path value="Extension.extension.value[x]" />
      <type>
        <code value="string" />
      </type>
    </element>
    <element id="Extension.extension:district">
      <path value="Extension.extension" />
      <sliceName value="district" />
      <short value="district number for norwegian &quot;kommune&quot; registered in FREG" />
      <definition value="område som utgjør en egen politisk og administrativ enhet underlagt staten, men med et visst selvstyre&#xD;&#xA;Kommunen der sivilstanden ble endret. Ved giftemål oppgis kun kommunenummeret når det er en representant for kommunen som er vigsler. Feltet inneholder kommunenummeret" />
      <alias value="kommune" />
      <alias value="kommunenummer" />
      <max value="1" />
    </element>
    <element id="Extension.extension:district.url">
      <path value="Extension.extension.url" />
      <fixedUri value="district" />
    </element>
    <element id="Extension.extension:district.value[x]">
      <path value="Extension.extension.value[x]" />
      <type>
        <code value="string" />
      </type>
    </element>
    <element id="Extension.extension:locationName">
      <path value="Extension.extension" />
      <sliceName value="locationName" />
      <short value="registered name of the geographical location from FREG" />
      <definition value="(stedsnavn:) adresseegenskap som navngir en geografisk lokalitet&#xD;&#xA;Stedsnavn i inn- eller utland der sivilstanden ble endret.&#xD;&#xA;Feltet inneholder et stedsnavn i fri tekst." />
      <alias value="sted" />
      <max value="1" />
    </element>
    <element id="Extension.extension:locationName.url">
      <path value="Extension.extension.url" />
      <fixedUri value="locationName" />
    </element>
    <element id="Extension.extension:locationName.value[x]">
      <path value="Extension.extension.value[x]" />
      <type>
        <code value="string" />
      </type>
    </element>
    <element id="Extension.extension:maritalDate">
      <path value="Extension.extension" />
      <sliceName value="maritalDate" />
      <short value="date of marital status change" />
      <definition value="dato da endring i sivilstand fant sted" />
      <alias value="sivilstandsdato" />
      <max value="1" />
    </element>
    <element id="Extension.extension:maritalDate.url">
      <path value="Extension.extension.url" />
      <fixedUri value="maritalDate" />
    </element>
    <element id="Extension.extension:maritalDate.value[x]">
      <path value="Extension.extension.value[x]" />
      <type>
        <code value="date" />
      </type>
    </element>
    <element id="Extension.extension:fregMetadata">
      <path value="Extension.extension" />
      <sliceName value="fregMetadata" />
      <max value="1" />
      <type>
        <code value="Extension" />
        <profile value="http://ehelse.no/fhir/StructureDefinition/gd-fregmetadata" />
      </type>
    </element>
    <element id="Extension.extension:fregMetadata.url">
      <path value="Extension.extension.url" />
      <fixedUri value="fregMetadata" />
    </element>
    <element id="Extension.url">
      <path value="Extension.url" />
      <fixedUri value="http://ehelse.no/fhir/StructureDefinition/gd-marital-status" />
    </element>
    <element id="Extension.value[x]">
      <path value="Extension.value[x]" />
      <max value="0" />
    </element>
  </differential>
</StructureDefinition>