<?xml version="1.0" encoding="utf-8"?>
<StructureDefinition xmlns="http://hl7.org/fhir">
  <id value="gd-migration" />
  <url value="http://ehelse.no/fhir/StructureDefinition/gd-migration" />
  <version value="2.3.4" />
  <name value="GdMigration" />
  <status value="draft" />
  <date value="2019-10-16" />
  <description value="Migration information from FREG about a Person/Patient" />
  <fhirVersion value="4.0.0" />
  <kind value="complex-type" />
  <abstract value="false" />
  <context>
    <type value="element" />
    <expression value="Person" />
  </context>
  <context>
    <type value="element" />
    <expression value="Patient" />
  </context>
  <type value="Extension" />
  <baseDefinition value="http://hl7.org/fhir/StructureDefinition/Extension" />
  <derivation value="constraint" />
  <differential>
    <element id="Extension">
      <path value="Extension" />
      <definition value="Migration information from FREG about a Person/Patient&#xD;&#xA;&#xD;&#xA;utflytting/emigration&#xD;&#xA;informasjon om hvilket land og sted i dette landet en utflyttet person bor eller bodde etter utflyttingen fra Norge&#xD;&#xA;Utflytting, enten som følge av at en person selv melder om utflytting fra Norge eller som følge av at det foreligger annen informasjon som tilsier at en person har flyttet ut fra Norge, for eksempel fra annet nordisk folkeregister eller fra UDI. Utenlandske statsborgere som ikke lenger har adgang til å oppholde seg i Norge regnes som utflyttet, jf. folkeregisterforskriften § 4-7 nr 1 annet ledd. UDI sender melding til Folkeregisteret når en person har utgått oppholdstillatelse, tilbakekalt oppholdstillatelse eller statsborgerskap, bortfalt oppholdstillatelse eller er utvist fra Norge. Utflytting inkluderer også personer som utflytter uten å melde ifra og hvor utflyttingen vedtas etterskuddsvis (passitivitetsvedtak).&#xD;&#xA;Se for øvrig dokumentasjon av status utflyttet 5.2.3.&#xD;&#xA;&#xD;&#xA;innflytting/immigration&#xD;&#xA;informasjon om hvilket land og sted i dette landet en innflyttet person bodde før innflyttingen til Norge&#xD;&#xA;Innflytting omfatter registrering i Folkeregisteret av personer som enten skal tildeles fødselsnummer fordi de skal bosettes, eller d-nummer fordi de regnes for å ha en midlertidig tilknytning til Norge.&#xD;&#xA;Gyldighetsdatoen settes til vedtaksdato for godkjent innflytting fra Utlendingsmyndigheten." />
    </element>
    <element id="Extension.extension">
      <path value="Extension.extension" />
      <slicing>
        <discriminator>
          <type value="value" />
          <path value="url" />
        </discriminator>
        <rules value="open" />
      </slicing>
    </element>
    <element id="Extension.extension:migrationPattern">
      <path value="Extension.extension" />
      <sliceName value="migrationPattern" />
      <short value="emigration or immigration" />
      <definition value="emigration or immigration" />
      <alias value="innflytting" />
      <alias value="utflytting" />
      <min value="1" />
      <max value="1" />
      <binding>
        <strength value="required" />
        <valueSet value="http://ehelse.no/fhir/ValueSet/gd-person-migration-pattern" />
      </binding>
    </element>
    <element id="Extension.extension:migrationPattern.url">
      <path value="Extension.extension.url" />
      <fixedUri value="migrationPattern" />
    </element>
    <element id="Extension.extension:migrationPattern.value[x]">
      <extension url="http://hl7.org/fhir/StructureDefinition/structuredefinition-standards-status">
        <valueCode value="normative" />
      </extension>
      <extension url="http://hl7.org/fhir/StructureDefinition/structuredefinition-normative-version">
        <valueCode value="4.0.0" />
      </extension>
      <path value="Extension.extension.value[x]" />
      <type>
        <code value="code" />
      </type>
    </element>
    <element id="Extension.extension:migrationCountry">
      <path value="Extension.extension" />
      <sliceName value="migrationCountry" />
      <short value="Country of migration" />
      <definition value="The Country the person is emigrating to or immigrating from" />
      <alias value="fraflyttingsland" />
      <alias value="tilflyttingsland" />
      <max value="1" />
      <binding>
        <strength value="required" />
        <valueSet value="http://hl7.org/fhir/ValueSet/iso3166-1-3" />
      </binding>
    </element>
    <element id="Extension.extension:migrationCountry.url">
      <path value="Extension.extension.url" />
      <fixedUri value="migrationCountry" />
    </element>
    <element id="Extension.extension:migrationCountry.value[x]">
      <extension url="http://hl7.org/fhir/StructureDefinition/structuredefinition-standards-status">
        <valueCode value="normative" />
      </extension>
      <extension url="http://hl7.org/fhir/StructureDefinition/structuredefinition-normative-version">
        <valueCode value="4.0.0" />
      </extension>
      <path value="Extension.extension.value[x]" />
      <type>
        <code value="code" />
      </type>
    </element>
    <element id="Extension.extension:migrationCity">
      <path value="Extension.extension" />
      <sliceName value="migrationCity" />
      <short value="The name of the city, town, village or other community or delivery center." />
      <definition value="The name of the city, town, village or other community or delivery center the person is immigrating from or emigrating to." />
      <alias value="fraflyttingsstedIUtlandet" />
      <alias value="tilflyttingsstedIUtlandet" />
      <max value="1" />
    </element>
    <element id="Extension.extension:migrationCity.url">
      <path value="Extension.extension.url" />
      <fixedUri value="migrationCity" />
    </element>
    <element id="Extension.extension:migrationCity.value[x]">
      <extension url="http://hl7.org/fhir/StructureDefinition/structuredefinition-standards-status">
        <valueCode value="normative" />
      </extension>
      <extension url="http://hl7.org/fhir/StructureDefinition/structuredefinition-normative-version">
        <valueCode value="4.0.0" />
      </extension>
      <path value="Extension.extension.value[x]" />
      <type>
        <code value="string" />
      </type>
    </element>
    <element id="Extension.extension:fregMetadata">
      <path value="Extension.extension" />
      <sliceName value="fregMetadata" />
      <max value="1" />
      <type>
        <code value="Extension" />
        <profile value="http://ehelse.no/fhir/StructureDefinition/gd-fregmetadata" />
      </type>
    </element>
    <element id="Extension.extension:fregMetadata.url">
      <path value="Extension.extension.url" />
      <fixedUri value="fregMetadata" />
    </element>
    <element id="Extension.extension:migrationDate">
      <path value="Extension.extension" />
      <sliceName value="migrationDate" />
      <short value="registered migration date" />
      <definition value="registrert dato i Folkeregisteret for utflytting fra Norge&#xD;&#xA;registrert dato i Folkeregisteret for innflytting til Norge" />
      <alias value="utflyttingsdato" />
      <alias value="innflyttingsdato" />
      <max value="1" />
      <mapping>
        <identity value="freg.InnflyttingTilNorge" />
        <map value="innflyttingsdato" />
      </mapping>
      <mapping>
        <identity value="freg.UtflyttingFraNorge" />
        <map value="utflyttingsdato" />
      </mapping>
    </element>
    <element id="Extension.extension:migrationDate.url">
      <path value="Extension.extension.url" />
      <fixedUri value="migrationDate" />
    </element>
    <element id="Extension.extension:migrationDate.value[x]">
      <path value="Extension.extension.value[x]" />
      <type>
        <code value="date" />
      </type>
    </element>
    <element id="Extension.url">
      <path value="Extension.url" />
      <fixedUri value="http://ehelse.no/fhir/StructureDefinition/gd-migration" />
    </element>
    <element id="Extension.value[x]">
      <extension url="http://hl7.org/fhir/StructureDefinition/structuredefinition-standards-status">
        <valueCode value="normative" />
      </extension>
      <extension url="http://hl7.org/fhir/StructureDefinition/structuredefinition-normative-version">
        <valueCode value="4.0.0" />
      </extension>
      <path value="Extension.value[x]" />
      <max value="0" />
    </element>
  </differential>
</StructureDefinition>