<?xml version="1.0" encoding="utf-8"?>
<StructureDefinition xmlns="http://hl7.org/fhir">
  <id value="gd-person-identifier-status" />
  <url value="http://ehelse.no/fhir/StructureDefinition/gd-person-identifier-status" />
  <version value="2.3.4" />
  <name value="GdPersonIdentifierStatus" />
  <status value="draft" />
  <date value="2019-10-16" />
  <description value="The status of a person identifier from FREG" />
  <fhirVersion value="4.0.0" />
  <kind value="complex-type" />
  <abstract value="false" />
  <context>
    <type value="element" />
    <expression value="Identifier" />
  </context>
  <type value="Extension" />
  <baseDefinition value="http://hl7.org/fhir/StructureDefinition/Extension" />
  <derivation value="constraint" />
  <differential>
    <element id="Extension">
      <path value="Extension" />
      <short value="The status of a person identifier from FREG" />
      <definition value="The status of a person identifier from FREG&#xD;&#xA;&#xD;&#xA;(identifikatorstaus:) status for en folkeregisteridentifikator" />
      <alias value="Identifikatorstatuskode" />
      <alias value="status" />
      <max value="1" />
    </element>
    <element id="Extension.url">
      <path value="Extension.url" />
      <fixedUri value="http://ehelse.no/fhir/StructureDefinition/gd-person-identifier-status" />
    </element>
    <element id="Extension.value[x]">
      <extension url="http://hl7.org/fhir/StructureDefinition/structuredefinition-standards-status">
        <valueCode value="normative" />
      </extension>
      <extension url="http://hl7.org/fhir/StructureDefinition/structuredefinition-normative-version">
        <valueCode value="4.0.0" />
      </extension>
      <path value="Extension.value[x]" />
      <label value="Identifikatorstatuskode" />
      <short value="iBruk | opphørt" />
      <type>
        <code value="code" />
      </type>
      <binding>
        <strength value="required" />
        <valueSet value="http://ehelse.no/fhir/ValueSet/gd-person-identifierstatus-v05" />
      </binding>
    </element>
  </differential>
</StructureDefinition>