<?xml version="1.0" encoding="utf-8"?>
<StructureDefinition xmlns="http://hl7.org/fhir">
  <id value="gd-person-citizenship" />
  <extension url="http://hl7.org/fhir/StructureDefinition/structuredefinition-wg">
    <valueCode value="pa" />
  </extension>
  <extension url="http://hl7.org/fhir/StructureDefinition/structuredefinition-fmm">
    <valueInteger value="1" />
  </extension>
  <url value="http://ehelse.no/fhir/StructureDefinition/gd-person-citizenship" />
  <version value="2.2.0" />
  <name value="GdPersonCitizenship" />
  <title value="PersonCitizenship" />
  <status value="draft" />
  <date value="2019-10-16" />
  <publisher value="e-helse" />
  <description value="The citizenship of the person as registered in FREG." />
  <purpose value="statsborgerskap" />
  <fhirVersion value="4.0.0" />
  <mapping>
    <identity value="rim" />
    <uri value="http://hl7.org/v3" />
    <name value="RIM Mapping" />
  </mapping>
  <kind value="complex-type" />
  <abstract value="false" />
  <context>
    <type value="element" />
    <expression value="Person" />
  </context>
  <context>
    <type value="element" />
    <expression value="RelatedPerson" />
  </context>
  <type value="Extension" />
  <baseDefinition value="http://hl7.org/fhir/StructureDefinition/Extension" />
  <derivation value="constraint" />
  <differential>
    <element id="Extension">
      <path value="Extension" />
      <short value="statsborgerskap fra FREG" />
      <definition value="The citizenship of the person as registered in FREG.&#xD;&#xA;Contains the following information: &#xD;&#xA;- statsborgerskap - the code describing the citizenship&#xD;&#xA;- ervervsdato - period&#xD;&#xA;&#xD;&#xA;en betegnelse for et forhold til et land som innebærer at man har visse rettigheter og plikter som følger av lovgivningen i det enkelte land&#xD;&#xA;Styrer rettigheter og plikter. Man kan ha et ubegrenset antall statsborgerskap, men er i praksis ikke vanlig å ha flere enn 3.&#xD;&#xA;Før migrering fra DSF:&#xD;&#xA;DSF har nylig innført muligheten til å lagre flere statsborgerskap for personer med fødselsnummer, men ikke for personer med d-nummer.&#xD;&#xA;Når det nye Folkeregisteret har fått migrert statsborgerskap for alle personer i DSF og er master, vil det kunne lagre flere statsborgerskap også for personer med d-nummer." />
      <alias value="statsborgerskap" />
    </element>
    <element id="Extension.extension">
      <path value="Extension.extension" />
      <slicing>
        <discriminator>
          <type value="value" />
          <path value="url" />
        </discriminator>
        <rules value="open" />
      </slicing>
    </element>
    <element id="Extension.extension:code">
      <path value="Extension.extension" />
      <sliceName value="code" />
      <short value="Kode for statsborgerskap fra FREG" />
      <definition value="Kode for statsborgerskap fra FREG i praksis tekstlig 3 bokstav kode for landet fra ISO 3166-1 alpha 3 &#xD;&#xA;&#xD;&#xA;en betegnelse for et forhold til et land som innebærer at man har visse rettigheter og plikter som følger av lovgivningen i det enkelte land&#xD;&#xA;Det nye Folkeregisteret vil benytte ISO 3166-1 alpha 3 for landkoder med følgende utvidelser som følger UDI: &#xD;&#xA;XXX = Statsløs (kun for statsborgerskap)&#xD;&#xA;XUK = Ukjent (kun for statsborgerskap)&#xD;&#xA;XXK = Kosovo" />
      <alias value="statsborgerskap" />
      <max value="1" />
      <binding>
        <strength value="extensible" />
        <valueSet value="http://hl7.org/fhir/ValueSet/iso3166-1-3" />
      </binding>
    </element>
    <element id="Extension.extension:code.url">
      <path value="Extension.extension.url" />
      <fixedUri value="code" />
    </element>
    <element id="Extension.extension:code.value[x]">
      <path value="Extension.extension.value[x]" />
      <type>
        <code value="CodeableConcept" />
      </type>
    </element>
    <element id="Extension.extension:period">
      <path value="Extension.extension" />
      <sliceName value="period" />
      <short value="ervervsdato fra FREG" />
      <definition value="ervervsdato is recorded in the period.start element&#xD;&#xA;&#xD;&#xA;ervervsdato fra FREG&#xD;&#xA;den datoen en person har fått innvilget et statsborgerskap" />
      <alias value="ervervsdato" />
      <max value="1" />
    </element>
    <element id="Extension.extension:period.url">
      <path value="Extension.extension.url" />
      <fixedUri value="period" />
    </element>
    <element id="Extension.extension:period.value[x]">
      <path value="Extension.extension.value[x]" />
      <type>
        <code value="Period" />
      </type>
    </element>
    <element id="Extension.extension:fregMetadata">
      <path value="Extension.extension" />
      <sliceName value="fregMetadata" />
      <short value="Metadata fra FREG" />
      <max value="1" />
      <type>
        <code value="Extension" />
        <profile value="http://ehelse.no/fhir/StructureDefinition/gd-fregmetadata" />
      </type>
    </element>
    <element id="Extension.extension:fregMetadata.url">
      <path value="Extension.extension.url" />
      <fixedUri value="fregMetadata" />
    </element>
    <element id="Extension.url">
      <path value="Extension.url" />
      <fixedUri value="http://ehelse.no/fhir/StructureDefinition/gd-person-citizenship" />
    </element>
    <element id="Extension.value[x]">
      <path value="Extension.value[x]" />
      <max value="0" />
    </element>
  </differential>
</StructureDefinition>