<?xml version="1.0" encoding="utf-8"?>
<StructureDefinition xmlns="http://hl7.org/fhir">
  <id value="gd-street-address" />
  <url value="http://ehelse.no/fhir/StructureDefinition/gd-street-address" />
  <version value="2.0.2" />
  <name value="GdStreetAddress" />
  <status value="draft" />
  <date value="2019-10-16" />
  <description value="Information specific to the street address from FREG (vegadresse, vegadresseforpost)" />
  <fhirVersion value="4.0.0" />
  <kind value="complex-type" />
  <abstract value="false" />
  <context>
    <type value="element" />
    <expression value="Address" />
  </context>
  <type value="Extension" />
  <baseDefinition value="http://hl7.org/fhir/StructureDefinition/Extension" />
  <derivation value="constraint" />
  <differential>
    <element id="Extension">
      <path value="Extension" />
      <short value="Information specific to the street address" />
      <definition value="Information specific to the street address from FREG (vegadresse, vegadresseforpost)" />
      <alias value="vegadresse" />
      <alias value="vegadresseforpost" />
    </element>
    <element id="Extension.extension">
      <path value="Extension.extension" />
      <slicing>
        <discriminator>
          <type value="value" />
          <path value="url" />
        </discriminator>
        <rules value="open" />
      </slicing>
    </element>
    <element id="Extension.extension:addressAdditionalName">
      <path value="Extension.extension" />
      <sliceName value="addressAdditionalName" />
      <short value="additional name in use (adressetilleggsnavn)" />
      <definition value="addressetilleggsnavn nedarvet bruksnavn eller navn på en institusjon eller bygning, brukt som del av den offisielle adressen" />
      <alias value="addressetilleggsnavn" />
      <max value="1" />
    </element>
    <element id="Extension.extension:addressAdditionalName.url">
      <path value="Extension.extension.url" />
      <fixedUri value="addressAdditionalName" />
    </element>
    <element id="Extension.extension:addressAdditionalName.value[x]">
      <path value="Extension.extension.value[x]" />
      <type>
        <code value="string" />
      </type>
    </element>
    <element id="Extension.extension:addressCode">
      <path value="Extension.extension" />
      <sliceName value="addressCode" />
      <short value="addressCode from FREG (addressekode)" />
      <definition value="nummer som entydig identifiserer adresserbare gater, veger, stier, plasser og områder som er ført i matrikkelen innen en kommune&#xD;&#xA;Kalles gatekode i DSF" />
      <alias value="adressekode" />
      <max value="1" />
    </element>
    <element id="Extension.extension:addressCode.url">
      <path value="Extension.extension.url" />
      <fixedUri value="addressCode" />
    </element>
    <element id="Extension.extension:addressCode.value[x]">
      <path value="Extension.extension.value[x]" />
      <type>
        <code value="string" />
      </type>
    </element>
    <element id="Extension.url">
      <path value="Extension.url" />
      <fixedUri value="http://ehelse.no/fhir/StructureDefinition/gd-street-address" />
    </element>
    <element id="Extension.value[x]">
      <path value="Extension.value[x]" />
      <max value="0" />
    </element>
  </differential>
</StructureDefinition>