<CodeSystem xmlns="http://hl7.org/fhir">
	<id value="gd-address-type.codesystem" />
	<meta>
		<versionId value="2" />
		<lastUpdated value="2020-05-08T00:00:00.000+00:00" />
	</meta>
	<url value="http://ehelse.no/fhir/CodeSystem/gd-address-type" />
	<version value="2.3.0" />
	<name value="GdAddressTypeCodeSystem" />
	<status value="draft" />
	<date value="2019-09-25T00:00:00.000+00:00" />
	<publisher value="Contains all address types defined by Skatteetaten" />
	<content value="complete" />
	<concept>
		<code value="Bostedsadresse" />
		<display value="Bostedsadresse" />
	</concept>
	<concept>
		<code value="Oppholdsadresse" />
		<display value="Oppholdsadresse" />
	</concept>
	<concept>
		<code value="DeltBosted" />
		<display value="Delt bosted" />
	</concept>
	<concept>
		<code value="Kontaktadresse" />
		<display value="Kontaktadresse" />
	</concept>
	<concept>
		<code value="KontaktadresseIUtlandet" />
		<display value="Kontaktadresse i utlandet" />
	</concept>
	<concept>
		<code value="PreferertKontaktadresse" />
		<display value="Preferert kontaktadresse" />
	</concept>
</CodeSystem>