<?xml version="1.0" encoding="utf-8"?>
<CodeSystem xmlns="http://hl7.org/fhir">
    <id value="gd-address-separatelyoccupiedunittype.codesystem" />
    <url value="http://ehelse.no/fhir/CodeSystem/gd-address-separatelyoccupiedunittype" />
    <version value="2.3.0" />
    <name value="GdAddressSeparatelyOccupiedUnitTypeCodeSystem" />
    <status value="draft" />
    <date value="2019-04-24T00:00:00.000+00:00" />
    <publisher value="Copy of Codes from Bruksenhetstype defined by Skatteetaten" />
    <content value="complete" />
    <concept>
        <code value="bolig" />
        <display value="Bolig" />
    </concept>
    <concept>
        <code value="annetEnnBolig" />
        <display value="Annet enn bolig" />
    </concept>
    <concept>
        <code value="fritidsbolig" />
        <display value="Fritidsbolig" />
    </concept>
    <concept>
        <code value="ikkeGodkjentBolig" />
        <display value="Ikke Godkjent Bolig" />
    </concept>
	    <concept>
        <code value="unummerertBruksenhet" />
        <display value="Unummerert Bruksenhet" />
    </concept>
</CodeSystem>