<CodeSystem xmlns="http://hl7.org/fhir">
    <id value="gd-address-confidentiality.codesystem" />
    <meta>
        <versionId value="2" />
        <lastUpdated value="2020-05-18T00:00:00.000+00:00" />
    </meta>
    <url value="http://ehelse.no/fhir/CodeSystem/gd-address-confidentiality" />
    <version value="2.3.0" />
    <name value="GdAddressConfidentialityCodeSystem" />
    <status value="draft" />
    <date value="2019-04-24T00:00:00.000+00:00" />
    <publisher value="Copy of Codes from Adressegradering defined by Skatteetaten" />
    <content value="complete" />
    <concept>
        <code value="ugradert" />
        <display value="Ugradert" />
    </concept>
    <concept>
        <code value="klientadresse" />
        <display value="Klientadresse" />
    </concept>
    <concept>
        <code value="fortrolig" />
        <display value="Fortrolig" />
    </concept>
    <concept>
        <code value="strengtFortrolig" />
        <display value="Strengt fortrolig" />
    </concept>
</CodeSystem>