<CodeSystem xmlns="http://hl7.org/fhir">
    <id value="gd-address-contenttype.codesystem" />
    <meta>
        <versionId value="2" />
        <lastUpdated value="2020-05-18T00:00:00.000+00:00" />
    </meta>
    <url value="http://ehelse.no/fhir/CodeSystem/gd-address-contenttype" />
    <version value="2.3.0" />
    <name value="GdAddressContenttypeCodeSystem" />
    <status value="draft" />
    <date value="2019-12-19T00:00:00.000+00:00" />
    <publisher value="Contains all address content types used in FREG by Skatteetaten" />
    <content value="complete" />
    <concept>
        <code value="Vegadresse" />
        <display value="Vegadresse" />
    </concept>
    <concept>
        <code value="VegadresseForPost" />
        <display value="Vegadresse for post" />
    </concept>
    <concept>
        <code value="Postboksadresse" />
        <display value="Postboksadresse" />
    </concept>
    <concept>
        <code value="Matrikkeladresse" />
        <display value="Matrikkeladresse" />
    </concept>
        <concept>
        <code value="InternasjonalAdresse" />
        <display value="Internasjonal adresse" />
    </concept>
        <concept>
        <code value="PostadresseFrittFormat" />
        <display value="Postadresse fritt format" />
    </concept>
    <concept>
        <code value="InternasjonalAdresseIFrittFormat" />
        <display value="Internasjonal adresse i fritt format" />
    </concept>
    <concept>
        <code value="UkjentBosted" />
        <display value="bostedet til en person er ikke fastsatt til en fast bostedsadresse" />
        <definition value="Valgegenskap som beskriver mangelen på en offisiell bostedsadresse (bosted/deltbosted). Hvis egenskapen bostedskommune ikke er oppgitt så har personen ukjent bosted i en ukjent kommune."/>
    </concept>
    <concept>
        <code value="AdressenErUkjent" />
        <display value="Ukjent Oppholdsadresse" />
        <definition value="Valgegenskap som angir om Folkeregisteret har eller ikke har en kjent oppholdsadresse for personen." />
    </concept>
    
</CodeSystem>