<CodeSystem xmlns="http://hl7.org/fhir">
    <id value="gd-person-identificationnumbertype.codesystem" />
    <meta>
        <versionId value="2" />
        <lastUpdated value="2020-03-18T00:00:00.000+00:00" />
    </meta>
    <url value="http://ehelse.no/fhir/CodeSystem/gd-person-identificationnumbertype" />
    <version value="2.3.2" />
    <name value="GdPersonIdentificationnumbertypeCodeSystem" />
    <status value="draft" />
    <date value="2018-10-17T00:00:00.000+00:00" />
    <publisher value="Skatteetaten" />
    <content value="complete" />
    <concept>
        <code value="utlendingsmyndighetenesIdentifikasjonsnummer" />
        <display value="utlendingsmyndighetenesIdentifikasjonsnummer" />
    </concept>
    <concept>
        <code value="taxIdentificationNumber" />
        <display value="taxIdentificationNumber" />
    </concept>
    <concept>
        <code value="socialSecurityNumber" />
        <display value="socialSecurityNumber" />
    </concept>
    <concept>
        <code value="utenlandskIdentifikasjonsnummer" />
        <display value="utenlandskIdentifikasjonsnummer" />
    </concept>
</CodeSystem>