<CodeSystem xmlns="http://hl7.org/fhir">
    <id value="gd-person-identityreasonstatus.codesystem" />
    <meta>
        <versionId value="2" />
        <lastUpdated value="2020-05-15T00:00:00.000+00:00" />
    </meta>
    <url value="http://ehelse.no/fhir/CodeSystem/gd-person-identityreasonstatus" />
    <version value="2.3.0" />
    <name value="GdPersonIdentityreasonstatusCodeSystem" />
    <status value="draft" />
    <date value="2018-10-17T00:00:00.000+00:00" />
    <publisher value="Copy of Codes from Identitetsgrunnlagstatus defined by Skatteetaten" />
    <content value="complete" />
    <concept>
        <code value="ingenStatus" />
        <display value="Ingen status" />
    </concept>
    <concept>
        <code value="ikkeKontrollert" />
        <display value="Ikke kontrollert" />
    </concept>
    <concept>
        <code value="kontrollert" />
        <display value="Kontrollert" />
    </concept>
</CodeSystem>