<CodeSystem xmlns="http://hl7.org/fhir">
    <id value="gd-person-migration-pattern.codesystem" />
    <url value="http://ehelse.no/fhir/CodeSystem/gd-person-migration-pattern" />
    <version value="2.2.0" />
    <name value="GdPersonMigrationPatternCodeSystem" />
    <status value="draft" />
    <date value="2019-08-15T00:00:00.000+00:00" />
    <publisher value="Skatteetaten" />
    <content value="complete" />
    <concept>
        <code value="migration" />
        <display value="Migration Innflytting" />
    </concept>
    <concept>
        <code value="emigration" />
        <display value="Emigration Utflytting" />
    </concept>
</CodeSystem>