<CodeSystem xmlns="http://hl7.org/fhir">
    <id value="gd-provenance-freg-entitychangetype.codesystem" />
    <meta>
        <versionId value="2" />
        <lastUpdated value="2020-05-15T00:00:00.000+00:00" />
    </meta>
    <url value="http://ehelse.no/fhir/CodeSystem/gd-provenance-freg-entitychangetype" />
    <version value="2.3.0" />
    <name value="GdProvenanceFregEntityChangeTypeCodeSystem" />
    <status value="draft" />
    <date value="2018-10-17T00:00:00.000+00:00" />
    <publisher value="Copy of Codes from Entitetsendring defined by Skatteetaten" />
    <content value="complete" />
    <concept>
        <code value="registrereNy" />
        <display value="Registrere Ny" />
    </concept>
    <concept>
        <code value="korrigere" />
        <display value="Korrigere" />
    </concept>
    <concept>
        <code value="annullere" />
        <display value="Annullere" />
    </concept>
    <concept>
        <code value="korrigereHistorisk" />
        <display value="Korrigere Historisk" />
    </concept>
</CodeSystem>