<CodeSystem xmlns="http://hl7.org/fhir">
    <id value="gd-person-guardianscope.codesystem" />
    <meta>
        <versionId value="2" />
        <lastUpdated value="2020-05-13T00:00:00.000+00:00" />
    </meta>
    <url value="http://ehelse.no/fhir/CodeSystem/gd-person-guardianscope" />
    <version value="2.3.0" />
    <name value="GdPersonGuardianscopeCodeSystem" />
    <status value="draft" />
    <date value="2019-06-11T00:00:00.000+00:00" />
    <publisher value="Copy of Codes from Vergemaalsomfang defined by Skatteetaten" />
    <content value="complete" />
    <concept>
        <code value="utlendingssakerPersonligeOgOekonomiskeInteresser" />
        <display value="Ivareta personens interesser innenfor det personlige og økonomiske området herunder utlendingssaken (kun for EMA)" />
    </concept>
    <concept>
        <code value="personligeOgOekonomiskeInteresser" />
        <display value="Ivareta personens interesser innenfor det personlige og økonomiske området" />
    </concept>
    <concept>
        <code value="oekonomiskeInteresser" />
        <display value="Ivareta personens interesser innenfor det økonomiske området" />
    </concept>
    <concept>
        <code value="personligeInteresser" />
        <display value="Ivareta personens interesser innenfor det personlige området" />
    </concept>
</CodeSystem>