<CodeSystem xmlns="http://hl7.org/fhir">
    <id value="gd-person-sametingelectorrelation.codesystem" />
    <meta>
        <versionId value="2" />
        <lastUpdated value="2020-05-18T00:00:00.000+00:00" />
    </meta>
    <url value="http://ehelse.no/fhir/CodeSystem/gd-person-sametingelectorrelation.codesystem" />
    <version value="2.3.0" />
    <name value="GdPersonSametingElectorRelationCodeSystem" />
    <status value="draft" />
    <date value="2018-10-17T00:00:00.000+00:00" />
    <publisher value="Copy of Codes from forholdTilSametingetsValgmanntall defined by Skatteetaten" />
	<desciption value="This CodeSystem does not yet exist in the published XSD from Skatteetaten, changes may occur"/>
    <content value="complete" />
    <concept>
        <code value="innmeldt" />
        <display value="Innmeldt" />
    </concept>
    <concept>
        <code value="utmeldt" />
        <display value="Utmeldt" />
    </concept>
</CodeSystem>