<CodeSystem xmlns="http://hl7.org/fhir">
    <id value="gd-provenance-freg-eventtype.codesystem" />
    <meta>
        <versionId value="2" />
        <lastUpdated value="2020-05-18T00:00:00.000+00:00" />
    </meta>
    <url value="http://ehelse.no/fhir/CodeSystem/gd-provenance-freg-eventtype" />
    <version value="2.3.0" />
    <name value="GdProvenanceFregEventTypeCodesystem" />
    <status value="draft" />
    <date value="2019-12-06T00:00:00.000+00:00" />
    <publisher value="Copy of Codes from Hendelsestype defined by Skatteetaten" />
    <content value="complete" />
    <concept>
        <code value="personErOpprettet" />
    </concept>
    <concept>
        <code value="personErReaktivert" />
    </concept>
    <concept>
        <code value="personErOpphoert" />
    </concept>
    <concept>
        <code value="personErViderefoertSomGjeldendeVedSammenslaaing" />
    </concept>
    <concept>
        <code value="personErOpphoertSomDublett" />
    </concept>
    <concept>
        <code value="personErEndretVedSplitting" />
    </concept>
    <concept>
        <code value="personErGjenopprettetVedSplitting" />
    </concept>
	<concept>
        <code value="personErDoed" />
    </concept>
	<concept>
        <code value="personErBosatt" />
    </concept>
     <concept>
        <code value="personErUtflyttet" />
    </concept>
    <concept>
        <code value="endringIStatus" />
    </concept>
    <concept>
        <code value="endringIIdentitetsgrunnlag" />
    </concept>
    <concept>
        <code value="endringIUtenlandskPersonidentifikasjon" />
    </concept>
    <concept>
        <code value="endringIUtlendingsmyndighetenesIdentifikasjonsnummer" />
    </concept>
    <concept>
        <code value="endringILegitimasjonsdokument" />
    </concept>
    <concept>
        <code value="endringIIdentifikasjonsnummer" />
    </concept>
    <concept>
        <code value="endringIFalskIdentitet" />
    </concept>
	<concept>
        <code value="endringIKontaktopplysningerForDoedsbo" />
    </concept>
	<concept>
        <code value="endringIDeltBosted" />
    </concept>
     <concept>
        <code value="endringIFoedsel" />
    </concept>
    <concept>
        <code value="endringIFoedselINorge" />
    </concept>
    <concept>
        <code value="endringIKjoenn" />
    </concept>
    <concept>
        <code value="endringIFamilierelasjon" />
    </concept>
    <concept>
        <code value="endringISivilstand" />
    </concept>
    <concept>
        <code value="endringIDoedsfall" />
    </concept>
    <concept>
        <code value="endringINavn" />
    </concept>
    <concept>
        <code value="endringIAdressebeskyttelse" />
    </concept>
	<concept>
        <code value="endringIBostedsadresse" />
    </concept>
	<concept>
        <code value="endringIBostedsadresseUtenFlytting" />
    </concept>
     <concept>
        <code value="endringIOppholdsadresse" />
    </concept>
    <concept>
        <code value="endringIInnflytting" />
    </concept>
    <concept>
        <code value="endringIUtflytting" />
    </concept>
    <concept>
        <code value="endringIBrukAvSamiskSpraak" />
    </concept>
    <concept>
        <code value="endringIKontaktinformasjon" />
    </concept>
    <concept>
        <code value="endringIForeldreansvar" />
    </concept>
    <concept>
        <code value="endringIStatsborgerskap" />
    </concept>
    <concept>
        <code value="endringIOpphold" />
    </concept>
	<concept>
        <code value="endringIVergemaal" />
    </concept>
</CodeSystem>