<ValueSet xmlns="http://hl7.org/fhir">
	<id value="gd-preferredaddresstype.valueset"/>
	<meta>
		<versionId value="3"/>
		<lastUpdated value="2020-05-18T00:00:00.000+00:00"/>
	</meta>
	<url value="http://ehelse.no/fhir/ValueSet/gd-preferredaddresstype"/>
	<version value="2.3.0"/>
	<name value="GdPreferredaddresstypeValueSet"/>
	<status value="draft"/>
	<date value="2019-12-13T00:00:00.000+00:00"/>
	<publisher value="Valueset describing the codes from (valg av preferert) Adressetype defined by Skatteetaten"/>
	<purpose value="Valg av (preferert)adressetype i kodeliste:
* bostedsadresse
* oppholdsadresse
* postadresse (Kontaktadresse)
* postadresseIUtlandet (KontaktadresseUtlandet)
Valget styrer innholdet i adressegradering og kontaktadresseIFrittFormat hvor
innholdet i disse hentes fra valgt registrert gjeldende adresse"/>
	<compose>
		<include >
			<system value="http://ehelse.no/fhir/CodeSystem/gd-address-type"/>
			<concept>
				<code value="Bostedsadresse" />
				<display value="Bostedsadresse" />
			</concept>
			<concept>
				<code value="Oppholdsadresse" />
				<display value="Oppholdsadresse" />
			</concept>
			<concept>
				<code value="Kontaktadresse" />
				<display value="Kontaktadresse" />
			</concept>
			<concept>
				<code value="KontaktadresseIUtlandet" />
				<display value="Kontaktadresse i utlandet" />
			</concept>
		</include>
	</compose>
</ValueSet>
