<?xml version="1.0" encoding="utf-8"?>
<ValueSet xmlns="http://hl7.org/fhir">
	<id value="gd-address-separatelyoccupiedunittype.valueset"/>
	<url value="http://ehelse.no/fhir/ValueSet/gd-address-separatelyoccupiedunittype"/>
	<version value="2.3.0"/>
	<name value="GdAddressSeparatelyOccupiedUnitTypeValueSet"/>
	<status value="draft"/>
	<date value="2019-04-25T00:00:00.000+00:00"/>
	<publisher value="Containts all codes from Bruksenhetstype defined by Skatteetaten"/>
	<compose>
		<include >
			<system value="http://ehelse.no/fhir/CodeSystem/gd-address-separatelyoccupiedunittype"/>
		</include>
	</compose>
</ValueSet>
