<ValueSet xmlns="http://hl7.org/fhir">
	<id value="gd-address-confidentiality.valueset"/>
	<meta>
		<versionId value="2"/>
		<lastUpdated value="2020-05-18T00:00:00.000+00:00"/>
	</meta>
	<url value="http://ehelse.no/fhir/ValueSet/gd-address-confidentiality"/>
	<version value="2.3.0"/>
	<name value="GdAddressConfidentialityValueSet"/>
	<status value="draft"/>
	<date value="2019-04-25T00:00:00.000+00:00"/>
	<publisher value="Valueset containing all codes from Adressegradering defined by Skatteetaten"/>
	<compose>
		<include >
			<system value="http://ehelse.no/fhir/CodeSystem/gd-address-confidentiality"/>
		</include>
	</compose>
</ValueSet>
