<ValueSet xmlns="http://hl7.org/fhir">
	<id value="gd-address-type.valueset"/>
	<meta>
		<versionId value="2"/>
		<lastUpdated value="2020-05-08T00:00:00.000+00:00"/>
	</meta>
	<url value="http://ehelse.no/fhir/ValueSet/gd-address-type"/>
	<version value="2.3.0"/>
	<name value="GdAddressTypeValueSet"/>
	<status value="draft"/>
	<date value="2019-09-25T00:00:00.000+00:00"/>
	<publisher value="Contains all address types defined by Skatteetaten"/>
	<compose>
		<include >
			<system value="http://ehelse.no/fhir/CodeSystem/gd-address-type"/>
		</include>
	</compose>
</ValueSet>
