<ValueSet xmlns="http://hl7.org/fhir">
	<id value="gd-address-contenttype.valueset"/>
	<meta>
		<versionId value="2"/>
		<lastUpdated value="2020-05-18T00:00:00.000+00:00"/>
	</meta>
	<url value="http://ehelse.no/fhir/ValueSet/gd-address-contenttype"/>
	<version value="2.3.0"/>
	<name value="GdAddressContenttypeValueSet"/>
	<status value="draft"/>
	<date value="2019-12-19T00:00:00.000+00:00"/>
	<publisher value="ValueSet contains all address content types used in FREG by Skatteetaten"/>
	<compose>
		<include >
			<system value="http://ehelse.no/fhir/CodeSystem/gd-address-contenttype"/>
		</include>
	</compose>
</ValueSet>
