<ValueSet  xmlns="http://hl7.org/fhir">
	<id value="gd-person-status.valueset"/>
	<meta>
		<versionId value="2"/>
		<lastUpdated value="2019-04-24T00:00:00.000+00:00"/>
	</meta>
	<url value="http://ehelse.no/fhir/ValueSet/gd-person-status"/>
	<version value="2.3.0"/>
	<name value="GdPersonStatusValueSet"/>
	<status value="draft"/>
	<date value="2019-04-17T00:00:00.000+00:00"/>
	<publisher value="Contains all codes from Personstatus defined by Skatteetaten"/>
	<compose>
		<include>
			<system value="http://ehelse.no/fhir/CodeSystem/gd-person-status"/>
		</include>
	</compose>
</ValueSet>
