<ValueSet  xmlns="http://hl7.org/fhir">
	<id value="gd-person-probatetype.valueset"/>
	<meta>
		<versionId value="1"/>
		<lastUpdated value="2020-05-08T00:00:00.000+00:00"/>
	</meta>
	<url value="http://ehelse.no/fhir/ValueSet/gd-person-probatetype"/>
	<version value="2.3.0"/>
	<name value="GdPersonProbateTypeValueSet"/>
	<status value="draft"/>
	<date value="2019-04-17T00:00:00.000+00:00"/>
	<publisher value="Contains all codes from Skifteform defined by Skatteetaten"/>
	<compose>
		<include>
			<system value="http://ehelse.no/fhir/CodeSystem/gd-person-probatetype"/>
		</include>
	</compose>
</ValueSet>
