<ValueSet xmlns="http://hl7.org/fhir">
	<id value="gd-person-documentcontrolstatus.valueset"/>
	<meta>
		<versionId value="1"/>
		<lastUpdated value="2020-05-18T00:00:00.000+00:00"/>
	</meta>
	<url value="http://ehelse.no/fhir/ValueSet/gd-person-documentcontrolstatus"/>
	<version value="2.3.0"/>
	<name value="GdPersonDocumentcontrolstatusValueSet"/>
	<status value="draft"/>
	<date value="2020-05-18T00:00:00.000+00:00"/>
	<publisher value="Valueset describing the codes from dokumentkontrollstatus defined by Skatteetaten"/>
	<compose>
		<include> 
			<system value="http://ehelse.no/fhir/CodeSystem/gd-person-documentcontrolstatus"/>
		</include>
	</compose>
</ValueSet>
