<ValueSet xmlns="http://hl7.org/fhir">
	<id value="gd-person-guardiantype.valueset"/>
	<meta>
		<versionId value="2"/>
		<lastUpdated value="2020-05-14T00:00:00.000+00:00"/>
	</meta>
	<url value="http://ehelse.no/fhir/ValueSet/gd-person-guardiantype"/>
	<version value="2.3.0"/>
	<name value="GdPersonGuardiantypeValueSet"/>
	<status value="draft"/>
	<date value="2019-06-11T00:00:00.000+00:00"/>
	<publisher value="Valueset describing the codes from Vergemaalsomfang defined by Skatteetaten"/>
	<compose>
		<include>
			<system value="http://ehelse.no/fhir/CodeSystem/gd-person-guardiantype"/>
		</include>
	</compose>
</ValueSet>

