<ValueSet  xmlns="http://hl7.org/fhir">
	<id value="gd-provenance-freg-entitychangetype.valueset"/>
	<meta>
		<versionId value="1"/>
		<lastUpdated value="2020-05-18T00:00:00.000+00:00"/>
	</meta>
	<url value="http://ehelse.no/fhir/ValueSet/gd-provenance-freg-entitychangetype"/>
	<version value="2.3.0"/>
	<name value="GdProvenanceFregEntityChangeTypeValueSet"/>
	<status value="draft"/>
	<date value="2020-05-18T00:00:00.000+00:00"/>
	<publisher value="Contains all codes from Entitetsendring defined by Skatteetaten"/>
	<compose>
		<include>
			<system value="http://ehelse.no/fhir/CodeSystem/gd-provenance-freg-entitychangetype"/>
		</include>
	</compose>
</ValueSet>
