<ValueSet xmlns="http://hl7.org/fhir">
	<id value="gd-person-identifierstatus.valueset"/>
	<meta>
		<versionId value="1"/>
		<lastUpdated value="2018-10-17T00:00:00.000+00:00"/>
	</meta>
	<url value="http://ehelse.no/fhir/ValueSet/gd-person-identifierstatus"/>
	<version value="2.3.0"/>
	<name value="GdPersonIdentifierstatusValueSet"/>
	<status value="draft"/>
	<date value="2019-10-17T00:00:00.000+00:00"/>
	<publisher value="All the codes from Identifikatorstatuskode CodeSystem defined by Skatteetaten"/>
	<compose>
		<include> 
			<system value="http://ehelse.no/fhir/CodeSystem/gd-person-identifierstatus"/>
		</include>
	</compose>
</ValueSet>
