<ValueSet xmlns="http://hl7.org/fhir">
	<id value="gd-person-retaincitizenship.valueset"/>
	<meta>
		<versionId value="1"/>
		<lastUpdated value="2020-05-14T00:00:00.000+00:00"/>
	</meta>
	<url value="http://ehelse.no/fhir/ValueSet/gd-person-retaincitizenship"/>
	<version value="2.3.0"/>
	<name value="GdPersonRetaincitizenshipValueSet"/>
	<status value="draft"/>
	<date value="2020-05-14T00:00:00.000+00:00"/>
	<publisher value="Valueset containing all codes from Bibehold defined by Skatteetaten"/>
	<compose>
		<include> 
			<system value="http://ehelse.no/fhir/CodeSystem/gd-person-retaincitizenship"/>
		</include>
	</compose>
</ValueSet>
