<ValueSet xmlns="http://hl7.org/fhir">
	<id value="gd-person-identificationnumbertype.valueset"/>
	<meta>
		<versionId value="2"/>
		<lastUpdated value="2020-03-17T00:00:00.000+00:00"/>
	</meta>
	<url value="http://ehelse.no/fhir/ValueSet/gd-person-identificationnumbertype"/>
	<version value="2.2.0"/>
	<name value="GdPersonIdentificationnumbertypeValueSet"/>
	<status value="draft"/>
	<date value="2020-03-17T00:00:00.000+00:00"/>
	<publisher value="Skatteetaten"/>
	<compose>
		<include> 
			<system value="http://ehelse.no/fhir/CodeSystem/gd-person-identificationnumbertype"/>
		</include>
	</compose>
</ValueSet>
