<ValueSet xmlns="http://hl7.org/fhir">
    <id value="gd-provenance-activity-type" />
    <meta>
        <lastUpdated value="2018-12-27T22:37:54.724+11:00" />
        <profile value="http://hl7.org/fhir/StructureDefinition/shareablevalueset" />
    </meta>
    <url value="http://ehelse.no/fhir/ValueSet/gd-provenance-activity-type" />
    <version value="2.2.1" />
    <name value="GdProvenanceActivityType" />
    <title value="Gd-Provenance activity type. Provenance actitivity types from Persontjenesten." />
    <status value="draft" />
    <experimental value="false" />
    <date value="2020-04-15T14:00:00+01:00" />
    <publisher value="Direktoratet for e-Helse" />
    <contact>
        <telecom>
            <system value="url" />
            <value value="http://ehelse.no" />
        </telecom>
    </contact>
    <description value="This value set contains representative Activity Type codes, which includes codes from the HL7 DataOperations code system" />
    <copyright value="This is a value set of representative Activity Type codes for Gd-Provenance" />
    <compose>
        <include>
            <system value="http://terminology.hl7.org/CodeSystem/v3-DataOperation" />
            <concept>
                <code value="CREATE" />
            </concept>
            <concept>
                <code value="DELETE" />
            </concept>
            <concept>
                <code value="UPDATE" />
            </concept>
            <concept>
                <code value="APPEND" />
            </concept>
            <concept>
                <code value="NULLIFY" />
            </concept>
        </include>
    </compose>
</ValueSet>
