<ValueSet  xmlns="http://hl7.org/fhir">
	<id value="gd-person-gender.valueset"/>
	<meta>
		<versionId value="1"/>
		<lastUpdated value="2020-03-13T00:00:00.000+00:00"/>
	</meta>
	<url value="http://ehelse.no/fhir/ValueSet/gd-person-gender"/>
	<version value="2.2.0"/>
	<name value="GdPersonGenderValueSet"/>
	<status value="draft"/>
	<date value="2020-03-13T00:00:00.000+00:00"/>
	<publisher value="Direktoratet for e-Helse"/>
	<description value="Includes values of male and female from ir/administrative-gender used by Persontjenesten to describe administrative gender of a person. Maps to the Kjoenn codesystem defined by Skatteetaten"/>
	<compose>
		<include>
            <system value="http://hl7.org/fhir/administrative-gender" />
            <concept>
                <code value="male" />
                <display value="Male" />
            </concept>
            <concept>
                <code value="female" />
                <display value="Female" />
            </concept>
        </include>
	</compose>
</ValueSet>
