<?xml version="1.0" encoding="UTF-8"?>
<ValueSet xmlns="http://hl7.org/fhir">
	<id value="gd-person-residencepermittype.valueset"/>
	<meta>
		<versionId value="2"/>
		<lastUpdated value="2020-04-14T00:00:00.000+00:00"/>
	</meta>
	<url value="http://ehelse.no/fhir/ValueSet/gd-person-residencepermittype"/>
	<version value="2.3.0"/>
	<name value="GdPersonResidencepermittypeValueSet"/>
	<status value="draft"/>
	<date value="2019-06-11T00:00:00.000+00:00"/>
	<publisher value="Valueset containing all codes from Oppholdstillatelsetype defined by Skatteetaten"/>
	<compose>
		<include >
			<system value="http://ehelse.no/fhir/CodeSystem/gd-person-residencepermittype"/>
		</include>
	</compose>
</ValueSet>
