<ValueSet  xmlns="http://hl7.org/fhir">
	<id value="gd-person-migration-pattern.valueset"/>
	<meta>
		<versionId value="1"/>
		<lastUpdated value="2019-04-24T00:00:00.000+00:00"/>
	</meta>
	<url value="http://ehelse.no/fhir/ValueSet/gd-person-migration-pattern"/>
	<version value="2.2.0"/>
	<name value="GdPersonMigrationpatternValueSet"/>
	<status value="draft"/>
	<date value="2019-08-15T00:00:00.000+00:00"/>
	<publisher value="Skatteetaten"/>
	<compose>
		<include>
			<system value="http://ehelse.no/fhir/CodeSystem/gd-person-migration-pattern"/>
		</include>
	</compose>
</ValueSet>
